ACTIVITY_CODE,ACTIVITY_NAME,TREATMENT_TYPE,FUND_CODES,NBR_UNITS_PLANNED,NBR_UNITS_ACCOMPLISHED,UOM,DATE_PLANNED,DATE_ACCOMPLISHED,DATE_COMPLETED,FY_PLANNED,FY_ACCOMPLISHED,FY_COMPLETED,ACTIVITY_UNIT_ORG,REGION_CODE,ADMIN_FOREST_CODE,DISTRICT_CODE,HOME_ORG,ADMIN_FOREST_NAME,ADMIN_DISTRICT_NAME,PROCLAIMED_FOREST_CODE,OWNERSHIP_CODE,OWNERSHIP_DESC,STATE_ABBR,WATERSHED_CODE,SLOPE,ELEVATION,ASPECT,METHOD_CODE,METHOD_DESC,EQUIPMENT_CODE,EQUIPMENT_DESC,COST_PER_UOM,NEPA_PROJECT_ID,NEPA_DOC_NAME,IMPLEMENTATION_PROJECT_NAMES,IMPLEMENTATION_PROJECT_NUMBERS,IMPLEMENTATION_PROJECT_TYPES,WORK_AGENT_CODES,SUBUNIT_SIZE,SUBUNIT_UOM,ACTIVITY_UNIT_CN,SUBUNIT_CN,FACTS_ID,SUID,SUBUNIT,SUBUNIT_NAME,ACTIVITY_CN,NEPA_PROJECT_CN,STAGE,STAGE_DESC,REV_DATE,DATA_SOURCE_CODE,DATA_SOURCE_DESC,CRC_VALUE,ETL_MODIFIED,UK,EDW_INSERT_DATE,GIS_MILES,OBJECTID,ACCURACY,SHAPELEN
6683,Inland Fish habitat non-structural maintenance - Length,N/A,NFWF,0.9,0.9,MILES,2013/04/25 00:00:00+00,2013/04/25 00:00:00+00,2013/04/25 00:00:00+00,2013,2013,2013,081005,08,10,05,081005,Ozark-St. Francis National Forest,Boston Mountain Ranger District,0820,FS,USDA FOREST SERVICE,AR,110100010103,,,,200,Mechanical,111,Chain Saw,965,31331,(PALS)PARSLEY PROJECT,OZARK HIGHLANDS ECOSYSTEM RESTORATION,CFLR022,CFLRP,FA,0.9,MILES,3790424010602,882828010602,MILLHWHITE,081005MILLHWHITE005,005,LWD 11010001000225,3880117010602,32947,3,Accomplished,2013/05/15 21:02:00+00,7,Digitized From Hardcopy PBS/SEQ,0DB7727837056A50,N,0810_3583_ACTL,2017/01/14 12:35:14+00,0.967,170866,,0.0141640636142806
9007,Road Maintenance,Prism,WFSU,13.1,13.1,MILES,2014/07/18 00:00:00+00,2014/08/31 00:00:00+00,2014/08/31 00:00:00+00,2014,2014,2014,030106,03,01,06,030106,Apache-Sitgreaves National Forests,Springerville Ranger District,0301,FS,USDA FOREST SERVICE,AZ,,,,,106,Maintenance,000,NA,7309.72,EMERG RESP,Emergency Response,"4 FOREST RESTORATION INITIATIVE,06 WILDFIRE EMERGENCY RESPONSE","CFLR005, ","CFLRP, ",CT,13.1,MILES,4543851010602,963597010602,SNJUANBAER,030106SNJUANBAER002,002,FY14 POST-SAN JUAN FIRE BAER ROAD MTNC.,4393181010602,1431010602,3,Accomplished,2014/10/27 00:00:00+00,20,Digitized Other,33FD25615926CB47,N,0301_9_ACTL,2017/01/14 13:20:48+00,13.225,170870,,0.205976790353673
6683,Inland Fish habitat non-structural maintenance - Length,N/A,CFLN,0.4,0.4,MILES,2014/08/01 00:00:00+00,2014/08/01 00:00:00+00,2014/08/01 00:00:00+00,2014,2014,2014,081002,08,10,02,081002,Ozark-St. Francis National Forest,Buffalo Ranger District,0820,FS,USDA FOREST SERVICE,AR,110100050307,,,,100,Manual,111,Chain Saw,102,26081,(PALS)BEARCAT HOLLOW PHASE II PROJECT,OZARK HIGHLANDS ECOSYSTEM RESTORATION,CFLR022,CFLRP,FA,0.4,MILES,2746713010602,951568010602,FALLINGWAT,081002FALLINGWAT002,002,LWD 11010005003435,4331496010602,35930,3,Accomplished,2014/09/05 15:15:39+00,7,Digitized From Hardcopy PBS/SEQ,5AF76890CFB09934,N,0810_5830_ACTL,2017/01/14 12:35:14+00,0.367,170879,,0.0067896044070248
6683,Inland Fish habitat non-structural maintenance - Length,N/A,NFWF,0.1,0.1,MILES,2014/08/01 00:00:00+00,2014/08/01 00:00:00+00,2014/08/01 00:00:00+00,2014,2014,2014,081002,08,10,02,081002,Ozark-St. Francis National Forest,Buffalo Ranger District,0820,FS,USDA FOREST SERVICE,AR,110100050308,,,,100,Manual,111,Chain Saw,2828,26081,(PALS)BEARCAT HOLLOW PHASE II PROJECT,OZARK HIGHLANDS ECOSYSTEM RESTORATION,CFLR022,CFLRP,FA,0.1,MILES,2746718010602,951584010602,OUTRICHLND,081002OUTRICHLND041,041,LWD 11010005003411 TRIBUTARY,4331551010602,35930,3,Accomplished,2014/09/05 15:18:29+00,7,Digitized From Hardcopy PBS/SEQ,5ED6E5D5D50C0968,N,0810_5842_ACTL,2017/01/14 12:35:14+00,0.15,170880,,0.0022733460810521
6683,Inland Fish habitat non-structural maintenance - Length,N/A,NFWF,0.7,0.7,MILES,2013/04/25 00:00:00+00,2013/04/25 00:00:00+00,2013/04/25 00:00:00+00,2013,2013,2013,081005,08,10,05,081005,Ozark-St. Francis National Forest,Boston Mountain Ranger District,0820,FS,USDA FOREST SERVICE,AR,110100010103,,,,200,Mechanical,111,Chain Saw,965,31331,(PALS)PARSLEY PROJECT,OZARK HIGHLANDS ECOSYSTEM RESTORATION,CFLR022,CFLRP,FA,0.7,MILES,3790424010602,882825010602,MILLHWHITE,081005MILLHWHITE002,002,LWD 11010001000221,3880102010602,32947,3,Accomplished,2013/05/15 20:59:50+00,7,Digitized From Hardcopy PBS/SEQ,6EE8F51CF7823BAC,N,0810_3580_ACTL,2017/01/14 12:35:14+00,0.726,170885,,0.0113050172506033
3231,Trail Maintenance,N/A,CWKV,1.7,1.7,MILES,2010/10/01 00:00:00+00,2011/08/03 00:00:00+00,2011/08/03 00:00:00+00,2011,2011,2011,031102,03,01,02,030102,Apache-Sitgreaves National Forests,Black Mesa Ranger District,0311,FS,USDA FOREST SERVICE,AZ,,,,,100,Manual,100,Hand Work,1033,CE NO DM,CE without DM,4 FOREST RESTORATION INITIATIVE,CFLR005,CFLRP,FA,1.7,MILES,2759881010602,741841010602,BMTRAILS10,031102BMTRAILS10007,007,BLACK MESA TR 529,3280491010602,1757010602,3,Accomplished,2016/07/27 00:00:00+00,2,GPS – Uncorrected Data,76E126186C6EB539,N,0301_4_ACTL,2017/01/14 13:20:48+00,1.711,170888,,0.0270171477187136
6683,Inland Fish habitat non-structural maintenance - Length,N/A,CFLN,0.6,0.6,MILES,2014/08/01 00:00:00+00,2014/08/01 00:00:00+00,2014/08/01 00:00:00+00,2014,2014,2014,081002,08,10,02,081002,Ozark-St. Francis National Forest,Buffalo Ranger District,0820,FS,USDA FOREST SERVICE,AR,110100050308,,,,100,Manual,111,Chain Saw,102,26081,(PALS)BEARCAT HOLLOW PHASE II PROJECT,OZARK HIGHLANDS ECOSYSTEM RESTORATION,CFLR022,CFLRP,FA,0.6,MILES,2746718010602,951582010602,OUTRICHLND,081002OUTRICHLND039,039,LWD 11010005003396,4331559010602,35930,3,Accomplished,2014/09/05 15:18:29+00,7,Digitized From Hardcopy PBS/SEQ,7D206E43EAB8AFB4,N,0810_5839_ACTL,2017/01/14 12:35:14+00,0.616,170890,,0.00944288520061851
6683,Inland Fish habitat non-structural maintenance - Length,N/A,CFLN,0.3,0.3,MILES,2014/08/01 00:00:00+00,2014/08/01 00:00:00+00,2014/08/01 00:00:00+00,2014,2014,2014,081002,08,10,02,081002,Ozark-St. Francis National Forest,Buffalo Ranger District,0820,FS,USDA FOREST SERVICE,AR,110100050307,,,,100,Manual,111,Chain Saw,102,26081,(PALS)BEARCAT HOLLOW PHASE II PROJECT,OZARK HIGHLANDS ECOSYSTEM RESTORATION,CFLR022,CFLRP,FA,0.3,MILES,2746713010602,951567010602,FALLINGWAT,081002FALLINGWAT001,001,LWD 11010005003419,4331497010602,35930,3,Accomplished,2014/09/05 15:15:39+00,7,Digitized From Hardcopy PBS/SEQ,843DE19363ACFF23,N,0810_5832_ACTL,2017/01/14 12:35:14+00,0.315,170892,,0.0054790670123512
2011,Range Grazing Structural Improvements - Length,N/A,CWKV,0.5,0.5,MILES,2012/10/01 00:00:00+00,2012/10/01 00:00:00+00,2012/10/01 00:00:00+00,2013,2013,2013,031102,03,01,02,030102,Apache-Sitgreaves National Forests,Black Mesa Ranger District,0311,FS,USDA FOREST SERVICE,AZ,,,,,100,Manual,100,Hand Work,2000,NOT REQD,DEFAULT FOR NOT REQUIRED,4 FOREST RESTORATION INITIATIVE,CFLR005,CFLRP,FA,0.5,MILES,AU341528010602,595639010602,FUELWOOD02,031102FUELWOOD02002,002,OKLAHOMA FENCE,AC1994528010602,101043710437,3,Accomplished,2013/12/06 00:00:00+00,2,GPS – Uncorrected Data,8DC8EC9E62AB6CBF,N,0301_8_ACTL,2017/01/14 13:20:48+00,0.182,170894,,0.0028474931962168
6683,Inland Fish habitat non-structural maintenance - Length,N/A,NFWF,0.7,0.7,MILES,2014/08/01 00:00:00+00,2014/08/01 00:00:00+00,2014/08/01 00:00:00+00,2014,2014,2014,081002,08,10,02,081002,Ozark-St. Francis National Forest,Buffalo Ranger District,0820,FS,USDA FOREST SERVICE,AR,110100050308,,,,100,Manual,111,Chain Saw,2828,26081,(PALS)BEARCAT HOLLOW PHASE II PROJECT,OZARK HIGHLANDS ECOSYSTEM RESTORATION,CFLR022,CFLRP,FA,0.7,MILES,2746718010602,951585010602,OUTRICHLND,081002OUTRICHLND042,042,LWD 11010005000951,4331550010602,35930,3,Accomplished,2014/09/05 15:18:29+00,7,Digitized From Hardcopy PBS/SEQ,A03407590B35F6B7,N,0810_5840_ACTL,2017/01/14 12:35:15+00,0.706,170899,,0.0119250355153305
6683,Inland Fish habitat non-structural maintenance - Length,N/A,CFLN,2.2,2.2,MILES,2014/08/01 00:00:00+00,2014/08/01 00:00:00+00,2014/08/01 00:00:00+00,2014,2014,2014,081002,08,10,02,081002,Ozark-St. Francis National Forest,Buffalo Ranger District,0820,FS,USDA FOREST SERVICE,AR,110100050308,,,,100,Manual,111,Chain Saw,102,26081,(PALS)BEARCAT HOLLOW PHASE II PROJECT,OZARK HIGHLANDS ECOSYSTEM RESTORATION,CFLR022,CFLRP,FA,2.2,MILES,2746718010602,951579010602,OUTRICHLND,081002OUTRICHLND036,036,LWD 11010005000890,4331554010602,35930,3,Accomplished,2014/09/05 15:18:29+00,7,Digitized From Hardcopy PBS/SEQ,B1C15194828E9722,N,0810_5841_ACTL,2017/01/14 12:35:15+00,2.159,170905,,0.0351947247449005
6683,Inland Fish habitat non-structural maintenance - Length,N/A,NFWF,0.5,0.5,MILES,2013/04/25 00:00:00+00,2013/04/25 00:00:00+00,2013/04/25 00:00:00+00,2013,2013,2013,081005,08,10,05,081005,Ozark-St. Francis National Forest,Boston Mountain Ranger District,0820,FS,USDA FOREST SERVICE,AR,110100010103,,,,200,Mechanical,111,Chain Saw,965,31331,(PALS)PARSLEY PROJECT,OZARK HIGHLANDS ECOSYSTEM RESTORATION,CFLR022,CFLRP,FA,0.5,MILES,3790424010602,882826010602,MILLHWHITE,081005MILLHWHITE003,003,LWD 11010001000222,3880115010602,32947,3,Accomplished,2013/05/15 21:01:18+00,7,Digitized From Hardcopy PBS/SEQ,EFCE3668636E70D0,N,0810_3581_ACTL,2017/01/14 12:35:14+00,0.549,170914,,0.00774804162003848
6683,Inland Fish habitat non-structural maintenance - Length,N/A,NFWF,0.8,0.8,MILES,2013/04/25 00:00:00+00,2013/04/25 00:00:00+00,2013/04/25 00:00:00+00,2013,2013,2013,081005,08,10,05,081005,Ozark-St. Francis National Forest,Boston Mountain Ranger District,0820,FS,USDA FOREST SERVICE,AR,110100010103,,,,200,Mechanical,111,Chain Saw,965,31331,(PALS)PARSLEY PROJECT,OZARK HIGHLANDS ECOSYSTEM RESTORATION,CFLR022,CFLRP,FA,0.8,MILES,3790424010602,882827010602,MILLHWHITE,081005MILLHWHITE004,004,LWD 11010001000223,3880116010602,32947,3,Accomplished,2013/05/15 21:02:00+00,7,Digitized From Hardcopy PBS/SEQ,F1FE550225225212,N,0810_3582_ACTL,2017/01/14 12:35:14+00,0.799,170915,,0.0116463727650316
2100,Nonrange Fences - Length,N/A,NFXN,0.3,0.3,MILES,2017/10/15 00:00:00+00,2017/10/15 00:00:00+00,2017/10/15 00:00:00+00,2018,2018,2018,031102,03,01,02,030102,Apache-Sitgreaves National Forests,Black Mesa Ranger District,0311,FS,USDA FOREST SERVICE,AZ,,,,,100,Manual,100,Hand Work,10000,13024,(PALS)RIM LAKES FOREST RESTORATION PROJECT,4 FOREST RESTORATION INITIATIVE,CFLR005,CFLRP,FA,0.3,MILES,4800974010602,1154113010602,ASPENFENCE,031102ASPENFENCEF02,F02,LARSON 2 FENCE,5726137010602,38773,3,Accomplished,2018/09/26 17:40:17+00,3,GPS – Differentially Corrected Data,C3A34686BD66F78B,Y,0301_1631_ACTL,2018/10/12 01:51:33+00,0.243,171821,,0.0039615118005031
2100,Nonrange Fences - Length,N/A,NFXN,0.4,0.4,MILES,2017/11/15 00:00:00+00,2017/11/15 00:00:00+00,2017/11/15 00:00:00+00,2018,2018,2018,031102,03,01,02,030102,Apache-Sitgreaves National Forests,Black Mesa Ranger District,0311,FS,USDA FOREST SERVICE,AZ,,,,,100,Manual,100,Hand Work,10000,13024,(PALS)RIM LAKES FOREST RESTORATION PROJECT,4 FOREST RESTORATION INITIATIVE,CFLR005,CFLRP,FA,0.4,MILES,4800974010602,1154117010602,ASPENFENCE,031102ASPENFENCEF08,F08,LARSON 8 FENCE,5726140010602,38773,3,Accomplished,2018/09/26 17:44:54+00,3,GPS – Differentially Corrected Data,0258F291395D0E13,Y,0301_1633_ACTL,2018/10/12 01:51:33+00,0.448,171823,,0.00661792273914474
2100,Nonrange Fences - Length,N/A,NFXN,0.3,0.3,MILES,2017/11/15 00:00:00+00,2017/11/15 00:00:00+00,2017/11/15 00:00:00+00,2018,2018,2018,031102,03,01,02,030102,Apache-Sitgreaves National Forests,Black Mesa Ranger District,0311,FS,USDA FOREST SERVICE,AZ,,,,,100,Manual,100,Hand Work,10000,13024,(PALS)RIM LAKES FOREST RESTORATION PROJECT,4 FOREST RESTORATION INITIATIVE,CFLR005,CFLRP,FA,0.3,MILES,4800974010602,1154115010602,ASPENFENCE,031102ASPENFENCEF16,F16,PROMONTORY FENCE,5726135010602,38773,3,Accomplished,2018/09/26 17:48:11+00,3,GPS – Differentially Corrected Data,3AC79B88EF57AAD9,Y,0301_1634_ACTL,2018/10/12 01:51:33+00,0.29,171824,,0.00472596124399522
2100,Nonrange Fences - Length,N/A,NFXN,0.8,0.8,MILES,2017/11/30 00:00:00+00,2017/11/30 00:00:00+00,2017/11/30 00:00:00+00,2018,2018,2018,031102,03,01,02,030102,Apache-Sitgreaves National Forests,Black Mesa Ranger District,0311,FS,USDA FOREST SERVICE,AZ,,,,,100,Manual,100,Hand Work,10000,13024,(PALS)RIM LAKES FOREST RESTORATION PROJECT,4 FOREST RESTORATION INITIATIVE,CFLR005,CFLRP,FA,0.8,MILES,4800974010602,1153466010602,ASPENFENCE,031102ASPENFENCEF17,F17,WILLOW FENCE,5722633010602,38773,3,Accomplished,2018/09/18 16:36:34+00,2,GPS – Uncorrected Data,EAA9EE03A7D99810,Y,0301_1311_ACTL,2018/10/12 01:51:33+00,0.789,171825,,0.0125376682741959
2012,Acres Improved - Construction/Reconstruction of Range Grz Structural Improv Area,N/A,NFRG,213,213,ACRES,2018/04/15 00:00:00+00,2018/09/15 00:00:00+00,2018/09/30 00:00:00+00,2018,2018,2018,061708,06,17,08,061708,Okanogan-Wenatchee National Forest,Naches Ranger District,0605,FS,USDA FOREST SERVICE,WA,,,,,100,Manual,100,Hand Work,0,8789,(PALS)TIETON COMPLEX ALLOTMENT MANAGEMENT PLAN,TAPASH,CFLR008,CFLRP,,213,ACRES,2574040010602,1156635010602,0000000T21,0617080000000T21023,023,TIETON FENCE 2018,5737607010602,19258,3,Accomplished,2018/10/09 00:00:00+00,7,Digitized From Hardcopy PBS/SEQ,136B991948401457,Y,0617_1432_ACTL,2018/10/17 02:04:54+00,2.34,171827,,0.0391531443091668
1140,Fireline Construction,Preparation,CFLN,0.5,0.5,MILES,2014/09/02 00:00:00+00,2014/09/02 00:00:00+00,2015/09/02 00:00:00+00,2014,2014,2015,050653,05,06,53,050653,Lassen National Forest,Hat Creek Ranger District,0506,FS,USDA FOREST SERVICE,CA,,,,,100,Manual,113,Hand Tool,5024.44,0000010127,QSOUTH STATION PROJECT,"HC 2014 SUMMIT LAKE FIRE RX BURN PREP,BURNEY-HAT CREEK BASINS PROJECT"," ,CFLR014"," ,CFLRP",CT,0.5,MILES,4481767010602,952611010602,F031000058,050653F031000058001,001,SUMMIT LAKE FIRELINE CONSTRUCT,4338458010602,201031010310,3,Accomplished,2014/09/24 00:00:00+00,3,GPS – Differentially Corrected Data,946BF4E04170FF63,Y,0506_1604_ACTL,2017/01/14 13:37:34+00,0.464,175021,,0.00713783034327477
3231,Trail Maintenance,N/A,CFLR,98,98,MILES,2010/09/09 00:00:00+00,2010/09/09 00:00:00+00,2010/09/09 00:00:00+00,2010,2010,2010,011002,01,10,02,011002,Flathead National Forest,,0110,FS,USDA FOREST SERVICE,MT,,,,,100,Manual,100,Hand Work,0,NOT REQD,DEFAULT FOR NOT REQUIRED,SOUTHWESTERN CROWN OF THE CONTINENT,CFLR001,CFLRP,FA,99999,MILES,2810812010602,739687010602,1701021100,0110021701021100000,000,SWAN TRAIL MAINT. FY2010,2885571010602,101025910259,3,Accomplished,2014/06/09 19:45:07+00,,,A876874589B34DB6,Y,0110_54_ACTL,2021/01/19 11:32:03+00,101.566,176621,,1.85649436932665
3231,Trail Maintenance,N/A,CFLN,16,16,MILES,2014/09/09 00:00:00+00,2014/09/09 00:00:00+00,2014/09/09 00:00:00+00,2014,2014,2014,011002,01,10,02,011002,Flathead National Forest,,0110,FS,USDA FOREST SERVICE,MT,,,,,100,Manual,100,Hand Work,5434,NOT REQD,DEFAULT FOR NOT REQUIRED,SOUTHWESTERN CROWN OF THE CONTINENT,CFLR001,CFLRP,FA,16,MILES,2810812010602,948321010602,1701021100,0110021701021100006,006,RE-TREAD & BRUSHING 2014,4309936010602,101025910259,3,Accomplished,2014/09/19 19:05:38+00,,,90A76FDBF0F34A6B,Y,0110_64_ACTL,2021/01/19 11:32:04+00,16.376,176622,,0.271641812037525
3231,Trail Maintenance,N/A,CMTL,26,26,MILES,2014/09/09 00:00:00+00,2014/09/09 00:00:00+00,2014/09/09 00:00:00+00,2014,2014,2014,011002,01,10,02,011002,Flathead National Forest,,0110,FS,USDA FOREST SERVICE,MT,,,,,100,Manual,100,Hand Work,615,NOT REQD,DEFAULT FOR NOT REQUIRED,SOUTHWESTERN CROWN OF THE CONTINENT,CFLR001,CFLRP,FA,26,MILES,2810812010602,948361010602,1701021100,0110021701021100007,007,2014 ANNUAL TRAIL MAINT.,4310145010602,101025910259,3,Accomplished,2014/09/19 19:05:38+00,,,5DD5396D1C581563,Y,0110_65_ACTL,2021/01/19 11:32:05+00,26.436,176623,,0.47553194594165
3231,Trail Maintenance,N/A,CMTL,108,108,MILES,2015/09/09 00:00:00+00,2015/09/09 00:00:00+00,2015/09/09 00:00:00+00,2015,2015,2015,011002,01,10,02,011002,Flathead National Forest,,0110,FS,USDA FOREST SERVICE,MT,,,,,100,Manual,100,Hand Work,615,NOT REQD,DEFAULT FOR NOT REQUIRED,SOUTHWESTERN CROWN OF THE CONTINENT,CFLR001,CFLRP,FA,108,MILES,2810812010602,991711010602,1701021100,0110021701021100009,009,2015 ANNUAL TRAIL MAINT.,4624601010602,101025910259,3,Accomplished,2015/11/03 15:37:30+00,,,4CFDB67DBA62F5B8,Y,0110_101_ACTL,2021/01/19 11:32:06+00,107.797,176624,,1.95936056114733
3231,Trail Maintenance,N/A,CFLN,16,16,MILES,2015/09/09 00:00:00+00,2015/09/09 00:00:00+00,2015/09/09 00:00:00+00,2015,2015,2015,011002,01,10,02,011002,Flathead National Forest,,0110,FS,USDA FOREST SERVICE,MT,,,,,100,Manual,100,Hand Work,5434,NOT REQD,DEFAULT FOR NOT REQUIRED,SOUTHWESTERN CROWN OF THE CONTINENT,CFLR001,CFLRP,FA,16,MILES,2810812010602,992476010602,1701021100,0110021701021100010,010,RE-TREAD & BRUSHING 2015,4746777010602,101025910259,3,Accomplished,2015/11/03 15:38:22+00,,,F2CCA2A84DC9A9D8,Y,0110_102_ACTL,2021/01/19 11:32:06+00,13.86,176625,,0.26273124700985
3230,Trail Construction,N/A,CFLR,0.2,0.2,MILES,2010/09/09 00:00:00+00,2010/09/09 00:00:00+00,2010/09/09 00:00:00+00,2010,2010,2010,011002,01,10,02,011002,Flathead National Forest,,0110,FS,USDA FOREST SERVICE,MT,170102110103,0,6100,L,100,Manual,100,Hand Work,0,NOT REQD,DEFAULT FOR NOT REQUIRED,SOUTHWESTERN CROWN OF THE CONTINENT,CFLR001,CFLRP,FA,0.2,MILES,2809749010602,739682010602,1701021101,0110021701021101003,003,HEART LAKE TRAIL RELOCATION,2885503010602,101025910259,3,Accomplished,,20,Digitized Other,92A30173181603EE,Y,0110_52_ACTL,2021/01/19 11:32:03+00,0.164,176626,,0.00323120560020639
9007,Road Maintenance,Prism,CFLR,6.5,6.5,MILES,2010/09/09 00:00:00+00,2010/09/09 00:00:00+00,2013/08/27 00:00:00+00,2010,2010,2013,011002,01,10,02,011002,Flathead National Forest,,0110,FS,USDA FOREST SERVICE,MT,170102110101,15,4500,NE,200,Mechanical,215,Low ground pressure machinery (non-harvest),0,NOT REQD,DEFAULT FOR NOT REQUIRED,SOUTHWESTERN CROWN OF THE CONTINENT,CFLR001,CFLRP,CA,6.5,MILES,2809749010602,739694010602,1701021101,0110021701021101005,005,BEAVER ROAD BMPS,2885631010602,101025910259,3,Accomplished,,20,Digitized Other,8681B3D781381B2E,Y,0110_56_ACTL,2021/01/19 11:32:04+00,6.659,176628,,0.120390111090294
6671,Inland Fish stocking - Length,N/A,"CFLN,NFRR",2,2,MILES,2013/06/06 00:00:00+00,2013/08/08 00:00:00+00,2013/08/08 00:00:00+00,2013,2013,2013,011002,01,10,02,011002,Flathead National Forest,,0110,FS,USDA FOREST SERVICE,MT,170102110102,20,5200,NE,100,Manual,100,Hand Work,2500,36946,(PALS)GLACIER LOON FUELS REDUCTION AND FOREST HEALTH PROJECT DECISION NOTICE,SOUTHWESTERN CROWN OF THE CONTINENT,CFLR001,CFLRP,FA,2,MILES,2809749010602,904124010602,1701021101,0110021701021101014,014,HERRICK CREEK CUT. STOCKING,4012472010602,37512,3,Accomplished,2014/07/17 19:29:30+00,,,6985F6746759C653,Y,0110_59_ACTL,2021/01/19 11:32:04+00,2.036,176629,,0.0342064769744047
6667,Inland Fish population control - Length,N/A,"CFLN,NFRR",2,2,MILES,2013/06/06 00:00:00+00,2014/09/05 00:00:00+00,2014/09/05 00:00:00+00,2013,2014,2014,011002,01,10,02,011002,Flathead National Forest,,0110,FS,USDA FOREST SERVICE,MT,170102110102,20,5200,NE,100,Manual,100,Hand Work,8500,36946,(PALS)GLACIER LOON FUELS REDUCTION AND FOREST HEALTH PROJECT DECISION NOTICE,SOUTHWESTERN CROWN OF THE CONTINENT,CFLR001,CFLRP,FA,2,MILES,2809749010602,904124010602,1701021101,0110021701021101014,014,HERRICK CREEK CUT. STOCKING,4307429010602,37512,3,Accomplished,2014/07/17 19:29:30+00,,,6985F67431FD9253,Y,0110_59_ACTL,2021/01/19 11:32:04+00,2.036,176630,,0.0342064769744047
6683,Inland Fish habitat non-structural maintenance - Length,N/A,"CFLN,NFRR",2,2,MILES,2016/06/06 00:00:00+00,2016/09/09 00:00:00+00,2016/09/09 00:00:00+00,2016,2016,2016,011002,01,10,02,011002,Flathead National Forest,,0110,FS,USDA FOREST SERVICE,MT,170102110102,20,5200,NE,100,Manual,100,Hand Work,15000,36946,(PALS)GLACIER LOON FUELS REDUCTION AND FOREST HEALTH PROJECT DECISION NOTICE,SOUTHWESTERN CROWN OF THE CONTINENT,CFLR001,CFLRP,FA,2,MILES,2809749010602,904124010602,1701021101,0110021701021101014,014,HERRICK CREEK CUT. STOCKING,5173983010602,37512,3,Accomplished,2014/07/17 19:29:30+00,,,6985F67468C7CE7C,Y,0110_59_ACTL,2021/01/19 11:32:04+00,2.036,176631,,0.0342064769744047
3230,Trail Construction,N/A,CFLR,0.9,0.9,MILES,2010/09/09 00:00:00+00,2010/09/09 00:00:00+00,2010/09/09 00:00:00+00,2010,2010,2010,011002,01,10,02,011002,Flathead National Forest,,0110,FS,USDA FOREST SERVICE,MT,170102110202,30,5500,S,100,Manual,100,Hand Work,0,NOT REQD,DEFAULT FOR NOT REQUIRED,SOUTHWESTERN CROWN OF THE CONTINENT,CFLR001,CFLRP,FA,0.9,MILES,2809876010602,739678010602,1701021102,0110021701021102005,005,COLD LAKE TRAIL RELOCATION,2885468010602,101025910259,3,Accomplished,,3,GPS – Differentially Corrected Data,39C983F43D5E019A,Y,0110_51_ACTL,2021/01/19 11:32:03+00,1.009,176632,,0.0212385778077233
9007,Road Maintenance,Prism,"CFLN,NFRR",6.9,6.9,MILES,2016/03/28 00:00:00+00,2016/09/09 00:00:00+00,,2016,2016,,011002,01,10,02,011002,Flathead National Forest,,0110,FS,USDA FOREST SERVICE,MT,170102110202,,,,200,Mechanical,224,Utility Vehicle,83500,24446,(PALS)HEMLOCK ELK FUELS REDUCTION AND FOREST HEALTH PROJECT,SOUTHWESTERN CROWN OF THE CONTINENT,CFLR001,CFLRP,CA,6.9,MILES,2809876010602,947965010602,1701021102,0110021701021102027,027,CHILLY JAMES AQUATIC BMP WORK,4307749010602,22500,3,Accomplished,2014/09/19 19:05:38+00,,,EF5DBCB5ECDD3346,Y,0110_63_ACTL,2021/01/19 11:32:04+00,7.049,176634,,0.1182146207562
9000,Transporation Related Activities,N/A,NFRR,17.5,17.5,MILES,2016/08/08 00:00:00+00,2016/09/06 00:00:00+00,,2016,2016,,011002,01,10,02,011002,Flathead National Forest,,0110,FS,USDA FOREST SERVICE,MT,170102110204,,3600,,200,Mechanical,000,NA,1200,NEPA PEND,NEPA Pending,SOUTHWESTERN CROWN OF THE CONTINENT,CFLR001,CFLRP,CT,17.5,MILES,2809876010602,1042172010602,1701021102,0110021701021102029,029,"RESURFACING 888,903,966,9568,90956",5165302010602,1432010602,3,Accomplished,2016/09/06 20:51:29+00,,,E0496D6B25B7C165,Y,0110_144_ACTL,2021/01/19 11:32:08+00,18.156,176635,,0.306002361100688
1140,Fireline Construction,Preparation,GSRV,0.5,0.5,MILES,2018/08/31 00:00:00+00,2018/09/21 00:00:00+00,,2018,2018,,011002,01,10,02,011002,Flathead National Forest,,0110,FS,USDA FOREST SERVICE,MT,,,,,200,Mechanical,204,Excavator,0,38024,(PALS)COLD JIM FUELS REDUCTION AND FOREST HEALTH MANAGEMENT PROJECT,"COLD JIM STEWARDSHIP,SOUTHWESTERN CROWN OF THE CONTINENT","009,CFLR001","CFLRP,STWD",SC,0.5,MILES,5895425010602,1124612010602,A080100096,011002A080100096001,001,FIRELINE,5594539010602,46046,3,Accomplished,2018/08/01 22:41:52+00,,,E9125F761664883C,Y,0110_176_ACTL,2021/01/19 11:32:02+00,0.493,176638,,0.00822950795123419
1140,Fireline Construction,Preparation,GSRV,1.5,1.5,MILES,2018/08/28 00:00:00+00,2018/09/21 00:00:00+00,,2018,2018,,011002,01,10,02,011002,Flathead National Forest,,0110,FS,USDA FOREST SERVICE,MT,1701021102,0,,L,200,Mechanical,204,Excavator,0,38024,(PALS)COLD JIM FUELS REDUCTION AND FOREST HEALTH MANAGEMENT PROJECT,"COLD JIM STEWARDSHIP,SOUTHWESTERN CROWN OF THE CONTINENT","009,CFLR001","CFLRP,STWD",SC,1.5,MILES,5654893010602,1065730010602,A080400061,011002A080400061001,001,FIRELINE,5317605010602,46046,3,Accomplished,2018/08/01 22:41:52+00,,,7C0537F148A7499E,Y,0110_174_ACTL,2021/01/19 11:32:02+00,1.488,176639,,0.0259765409591412
1140,Fireline Construction,Preparation,WFHF,0.6,0.6,MILES,2015/05/05 00:00:00+00,2015/09/15 00:00:00+00,2015/09/15 00:00:00+00,2015,2015,2015,011002,01,10,02,011002,Flathead National Forest,,0110,FS,USDA FOREST SERVICE,MT,170102110203,,,,207,Mechanical pile,204,Excavator,150,06108,MEADOW SMITH,SOUTHWESTERN CROWN OF THE CONTINENT,CFLR001,CFLRP,FA,0.6,MILES,AU186732010602,1002918010602,A090100041,011002A090100041001,001,FIRELINE,4699269010602,1170010602,3,Accomplished,2015/10/06 13:36:47+00,,,1AF32BF835F0C230,Y,0110_98_ACTL,2021/01/19 11:32:06+00,0.605,176642,,0.0113492418275737
1140,Fireline Construction,Preparation,WFHF,0.5,0.5,MILES,2015/05/05 00:00:00+00,2015/09/15 00:00:00+00,2015/09/15 00:00:00+00,2015,2015,2015,011002,01,10,02,011002,Flathead National Forest,,0110,FS,USDA FOREST SERVICE,MT,170102110203,,,,207,Mechanical pile,204,Excavator,0,06108,MEADOW SMITH,SOUTHWESTERN CROWN OF THE CONTINENT,CFLR001,CFLRP,FA,0.5,MILES,AU186730010602,1002920010602,A090100042,011002A090100042001,001,FIRELINE,4699061010602,1170010602,3,Accomplished,2015/10/06 13:37:20+00,,,91CCA02444E77D0D,Y,0110_99_ACTL,2021/01/19 11:32:06+00,0.455,176643,,0.00815352380309809
1140,Fireline Construction,Preparation,GSRV,1.4,1.4,MILES,2018/08/31 00:00:00+00,2018/09/21 00:00:00+00,,2018,2018,,011002,01,10,02,011002,Flathead National Forest,,0110,FS,USDA FOREST SERVICE,MT,1701021102,,,,200,Mechanical,204,Excavator,0,38024,(PALS)COLD JIM FUELS REDUCTION AND FOREST HEALTH MANAGEMENT PROJECT,"COLD JIM STEWARDSHIP,SOUTHWESTERN CROWN OF THE CONTINENT","009,CFLR001","CFLRP,STWD",SC,1.4,MILES,5654935010602,1065738010602,A100100085,011002A100100085001,001,FIRELINE,5317608010602,46046,3,Accomplished,2018/08/01 22:41:52+00,,,8F0FA03D7723019A,Y,0110_170_ACTL,2021/01/19 11:32:02+00,1.405,176646,,0.025299175841638
1140,Fireline Construction,Preparation,GSRV,0.6,0.6,MILES,2018/09/21 00:00:00+00,2018/09/21 00:00:00+00,,2018,2018,,011002,01,10,02,011002,Flathead National Forest,,0110,FS,USDA FOREST SERVICE,MT,1701021102,,,,200,Mechanical,204,Excavator,0,38024,(PALS)COLD JIM FUELS REDUCTION AND FOREST HEALTH MANAGEMENT PROJECT,"COLD JIM STEWARDSHIP,SOUTHWESTERN CROWN OF THE CONTINENT","009,CFLR001","CFLRP,STWD",SC,0.6,MILES,5655123010602,1065734010602,A100100094,011002A100100094001,001,FIRELINE,5317607010602,46046,3,Accomplished,2018/08/01 22:41:52+00,,,BC6F9760481A45A1,Y,0110_173_ACTL,2021/01/19 11:32:02+00,0.626,176647,,0.0101984478912425
1140,Fireline Construction,Preparation,NFHF,0.6,0.6,MILES,2019/06/01 00:00:00+00,2019/06/17 00:00:00+00,2019/06/17 00:00:00+00,2019,2019,2019,011002,01,10,02,011002,Flathead National Forest,,0110,FS,USDA FOREST SERVICE,MT,,20,4550,NW,100,Manual,113,Hand Tool,5000,CE NO DM,CE without DM,SOUTHWESTERN CROWN OF THE CONTINENT,CFLR001,CFLRP,FA,0.6,MILES,6102782010602,1179232010602,A160100007,011002A160100007003,003,COONEY LOOKOUT FIRELINE,5844625010602,1757010602,3,Accomplished,2019/06/10 20:38:53+00,,,B87AE02C190B74D2,Y,0110_195_ACTL,2021/01/19 11:32:03+00,0.626,176648,,0.0112356248476928
1140,Fireline Construction,Preparation,CFLN,2.2,2.2,MILES,2019/05/01 00:00:00+00,2019/05/01 00:00:00+00,2019/08/23 00:00:00+00,2019,2019,2019,011002,01,10,02,011002,Flathead National Forest,,0110,FS,USDA FOREST SERVICE,MT,,,,,100,Manual,113,Hand Tool,7760,43968,(PALS)BEAVER CREEK LANDSCAPE RESTORATION PROJECT,SOUTHWESTERN CROWN OF THE CONTINENT,CFLR001,CFLRP,CT,2.2,MILES,6157545010602,1193910010602,A220100105,011002A220100105001,001,LINDY RIDGE CONTRACT FIRELINE,5912027010602,46589,3,Accomplished,2019/08/07 17:58:09+00,,,CB37129F27EB2997,Y,0110_198_ACTL,2021/01/19 11:32:03+00,2.13,176649,,0.040951572645254
1140,Fireline Construction,Preparation,NFHF,0.4,0.4,MILES,2019/10/01 00:00:00+00,2019/10/07 00:00:00+00,2019/10/07 00:00:00+00,2020,2020,2020,011002,01,10,02,011002,Flathead National Forest,,0110,FS,USDA FOREST SERVICE,MT,,,,,100,Manual,113,Hand Tool,7760,43968,(PALS)BEAVER CREEK LANDSCAPE RESTORATION PROJECT,SOUTHWESTERN CROWN OF THE CONTINENT,CFLR001,CFLRP,FA,0.4,MILES,6157579010602,1193916010602,A220100106,011002A220100106001,001,LINDY RIDGE FIRECREW FIRELINE,5912065010602,46589,3,Accomplished,2019/08/07 17:53:06+00,,,7F499C5E2B7FF985,Y,0110_197_ACTL,2021/01/19 11:32:03+00,0.406,176650,,0.0089452625073367
1140,Fireline Construction,Preparation,GSRV,1.1,1.1,MILES,2019/02/14 00:00:00+00,2019/02/14 00:00:00+00,,2019,2019,,011002,01,10,02,011002,Flathead National Forest,,0110,FS,USDA FOREST SERVICE,MT,,,,,200,Mechanical,204,Excavator,0,43968,(PALS)BEAVER CREEK LANDSCAPE RESTORATION PROJECT,"BEAVER STEW STEWARDSHIP,SOUTHWESTERN CROWN OF THE CONTINENT","010,CFLR001","CFLRP,STWD",SC,1.1,MILES,5923302010602,1132236010602,A230100210,011002A230100210001,001,BV19 FIRELINE,5628582010602,46589,3,Accomplished,2018/08/01 22:40:18+00,,,1C337E2E62BA2D1F,Y,0110_150_ACTL,2021/01/19 11:32:01+00,1.088,176652,,0.019893710504617
1140,Fireline Construction,Preparation,GSRV,0.7,0.7,MILES,2019/02/14 00:00:00+00,2019/02/14 00:00:00+00,,2019,2019,,011002,01,10,02,011002,Flathead National Forest,,0110,FS,USDA FOREST SERVICE,MT,,,,,200,Mechanical,204,Excavator,0,43968,(PALS)BEAVER CREEK LANDSCAPE RESTORATION PROJECT,"BEAVER STEW STEWARDSHIP,SOUTHWESTERN CROWN OF THE CONTINENT","010,CFLR001","CFLRP,STWD",SC,0.7,MILES,5926781010602,1133260010602,A230100212,011002A230100212001,001,BV25W FIRELINE,5632541010602,46589,3,Accomplished,2018/08/01 22:40:18+00,,,789120B615C86333,Y,0110_151_ACTL,2021/01/19 11:32:01+00,0.65,176653,,0.0125056060417199
1140,Fireline Construction,Preparation,GSRV,0.3,0.3,MILES,2019/02/14 00:00:00+00,2019/02/14 00:00:00+00,,2019,2019,,011002,01,10,02,011002,Flathead National Forest,,0110,FS,USDA FOREST SERVICE,MT,,,,,200,Mechanical,204,Excavator,0,43968,(PALS)BEAVER CREEK LANDSCAPE RESTORATION PROJECT,"BEAVER STEW STEWARDSHIP,SOUTHWESTERN CROWN OF THE CONTINENT","010,CFLR001","CFLRP,STWD",SC,0.3,MILES,5931443010602,1134476010602,A230100216,011002A230100216001,001,BV28BNN FIRELINE,5639608010602,46589,3,Accomplished,2018/08/01 22:40:18+00,,,B3241746B3956544,Y,0110_161_ACTL,2021/01/19 11:32:02+00,0.258,176654,,0.00457645048069021
1140,Fireline Construction,Preparation,GSRV,0.4,0.4,MILES,2019/02/14 00:00:00+00,2019/02/14 00:00:00+00,,2019,2019,,011002,01,10,02,011002,Flathead National Forest,,0110,FS,USDA FOREST SERVICE,MT,,,,,200,Mechanical,204,Excavator,0,43968,(PALS)BEAVER CREEK LANDSCAPE RESTORATION PROJECT,"BEAVER STEW STEWARDSHIP,SOUTHWESTERN CROWN OF THE CONTINENT","010,CFLR001","CFLRP,STWD",SC,0.4,MILES,5931443010602,1134477010602,A230100216,011002A230100216003,003,BV28BNS FIRELINE,5639610010602,46589,3,Accomplished,2018/08/01 22:40:18+00,,,D186F27A51975874,Y,0110_159_ACTL,2021/01/19 11:32:01+00,0.428,176655,,0.00714428556494548
1140,Fireline Construction,Preparation,GSRV,0.4,0.4,MILES,2019/02/14 00:00:00+00,2019/02/14 00:00:00+00,,2019,2019,,011002,01,10,02,011002,Flathead National Forest,,0110,FS,USDA FOREST SERVICE,MT,,,,,200,Mechanical,204,Excavator,0,43968,(PALS)BEAVER CREEK LANDSCAPE RESTORATION PROJECT,"BEAVER STEW STEWARDSHIP,SOUTHWESTERN CROWN OF THE CONTINENT","010,CFLR001","CFLRP,STWD",SC,0.4,MILES,5931729010602,1134531010602,A230100217,011002A230100217001,001,BV28BS FIRELINE,5639626010602,46589,3,Accomplished,2018/08/01 22:40:18+00,,,DF3FED0D9FF72067,Y,0110_160_ACTL,2021/01/19 11:32:01+00,0.442,176656,,0.00733650870068707
1140,Fireline Construction,Preparation,GSRV,0.8,0.8,MILES,2019/02/14 00:00:00+00,2019/02/14 00:00:00+00,,2019,2019,,011002,01,10,02,011002,Flathead National Forest,,0110,FS,USDA FOREST SERVICE,MT,,,,,200,Mechanical,204,Excavator,0,43968,(PALS)BEAVER CREEK LANDSCAPE RESTORATION PROJECT,"BEAVER STEW STEWARDSHIP,SOUTHWESTERN CROWN OF THE CONTINENT","010,CFLR001","CFLRP,STWD",SC,0.8,MILES,5923240010602,1132214010602,A230100218,011002A230100218001,001,BV3 FIRELINE,5628436010602,46589,3,Accomplished,2018/08/01 22:40:17+00,,,680679738ECC0DB2,Y,0110_149_ACTL,2021/01/19 11:32:01+00,0.763,176657,,0.0130656237864702
1140,Fireline Construction,Preparation,PPPP,0.5,0.5,MILES,2011/06/06 00:00:00+00,2011/08/08 00:00:00+00,2011/08/08 00:00:00+00,2011,2011,2011,011002,01,10,02,011002,Flathead National Forest,,0110,FS,USDA FOREST SERVICE,MT,1701021102,,,,200,Mechanical,204,Excavator,0,28071,(PALS)SUMMIT MOUNTAIN PINE BEETLE SAVALGE PROJECT DN,SOUTHWESTERN CROWN OF THE CONTINENT,CFLR001,CFLRP,PR,1.7,MILES,AU318944010602,588315010602,A240300036,011002A240300036001,001,FIRELINE,AC1968670010602,25956,3,Accomplished,,20,Digitized Other,3D163C961E01D95D,Y,0110_44_ACTL,2021/01/19 11:32:03+00,1.674,176668,,0.0297591616504489
1140,Fireline Construction,Preparation,PPPP,0.8,0.8,MILES,2009/11/11 00:00:00+00,2012/10/10 00:00:00+00,2012/10/10 00:00:00+00,2010,2013,2013,011002,01,10,02,011002,Flathead National Forest,,0110,FS,USDA FOREST SERVICE,MT,1701021102,,,,200,Mechanical,204,Excavator,0,28071,(PALS)SUMMIT MOUNTAIN PINE BEETLE SAVALGE PROJECT DN,SOUTHWESTERN CROWN OF THE CONTINENT,CFLR001,CFLRP,PR,0.8,MILES,AU319006010602,587781010602,A240300048,011002A240300048001,001,FIRELINE,AC1967348010602,25956,3,Accomplished,,20,Digitized Other,3352A11C03A9AEEE,Y,0110_46_ACTL,2021/01/19 11:32:03+00,0.792,176669,,0.0136676094305926
1140,Fireline Construction,Preparation,PPPP,1.4,1.4,MILES,2009/11/11 00:00:00+00,2011/08/08 00:00:00+00,2011/08/08 00:00:00+00,2010,2011,2011,011002,01,10,02,011002,Flathead National Forest,,0110,FS,USDA FOREST SERVICE,MT,1701021102,,,,200,Mechanical,424,Ground Base Skidder *,0,28071,(PALS)SUMMIT MOUNTAIN PINE BEETLE SAVALGE PROJECT DN,SOUTHWESTERN CROWN OF THE CONTINENT,CFLR001,CFLRP,PR,1.4,MILES,AU319092010602,587100010602,A240400016,011002A240400016001,001,FIRELINE,AC1965854010602,25956,3,Accomplished,,3,GPS – Differentially Corrected Data,0AD800B658F9DD44,Y,0110_49_ACTL,2021/01/19 11:32:03+00,1.395,176671,,0.0255686224362213
1140,Fireline Construction,Preparation,PPPP,1.2,1.2,MILES,2009/11/11 00:00:00+00,2011/08/08 00:00:00+00,2011/08/08 00:00:00+00,2010,2011,2011,011002,01,10,02,011002,Flathead National Forest,,0110,FS,USDA FOREST SERVICE,MT,1701021102,,,,200,Mechanical,204,Excavator,0,28071,(PALS)SUMMIT MOUNTAIN PINE BEETLE SAVALGE PROJECT DN,SOUTHWESTERN CROWN OF THE CONTINENT,CFLR001,CFLRP,PR,1.2,MILES,AU319111010602,587042010602,A240400041,011002A240400041001,001,FIRELINE,AC1965735010602,25956,3,Accomplished,,3,GPS – Differentially Corrected Data,1812D182AA9B9EE2,Y,0110_50_ACTL,2021/01/19 11:32:03+00,1.187,176672,,0.019489959924211
1140,Fireline Construction,Preparation,GSRV,0.2,0.2,MILES,2019/02/14 00:00:00+00,2019/02/14 00:00:00+00,,2019,2019,,011002,01,10,02,011002,Flathead National Forest,,0110,FS,USDA FOREST SERVICE,MT,,,,,200,Mechanical,204,Excavator,0,43968,(PALS)BEAVER CREEK LANDSCAPE RESTORATION PROJECT,"BEAVER STEW STEWARDSHIP,SOUTHWESTERN CROWN OF THE CONTINENT","010,CFLR001","CFLRP,STWD",SC,0.2,MILES,5922258010602,1136525010602,A250100208,011002A250100208004,004,BV100N FIRELINE,5646835010602,46589,3,Accomplished,2018/08/01 22:40:18+00,,,9545FCA9E62B9708,Y,0110_157_ACTL,2021/01/19 11:32:01+00,0.211,176674,,0.00432243782576747
1140,Fireline Construction,Preparation,GSRV,0.3,0.3,MILES,2019/02/14 00:00:00+00,2019/02/14 00:00:00+00,,2019,2019,,011002,01,10,02,011002,Flathead National Forest,,0110,FS,USDA FOREST SERVICE,MT,,,,,200,Mechanical,204,Excavator,0,43968,(PALS)BEAVER CREEK LANDSCAPE RESTORATION PROJECT,"BEAVER STEW STEWARDSHIP,SOUTHWESTERN CROWN OF THE CONTINENT","010,CFLR001","CFLRP,STWD",SC,0.3,MILES,5922258010602,1136526010602,A250100208,011002A250100208006,006,BV100S FIRELINE,5646840010602,46589,3,Accomplished,2018/08/01 22:40:18+00,,,47412203DD4EB07A,Y,0110_158_ACTL,2021/01/19 11:32:01+00,0.247,176675,,0.00495907556741065
1140,Fireline Construction,Preparation,GSRV,1,1,MILES,2019/02/14 00:00:00+00,2019/02/14 00:00:00+00,,2019,2019,,011002,01,10,02,011002,Flathead National Forest,,0110,FS,USDA FOREST SERVICE,MT,,,,,200,Mechanical,204,Excavator,0,43968,(PALS)BEAVER CREEK LANDSCAPE RESTORATION PROJECT,"BEAVER STEW STEWARDSHIP,SOUTHWESTERN CROWN OF THE CONTINENT","010,CFLR001","CFLRP,STWD",SC,1,MILES,5922458010602,1131944010602,A250300203,011002A250300203001,001,BV252 FIRELINE,5627503010602,46589,3,Accomplished,2018/08/01 22:40:18+00,,,5E941457598E7BFC,Y,0110_155_ACTL,2021/01/19 11:32:01+00,1.078,176677,,0.0169106984850179
1140,Fireline Construction,Preparation,GSRV,1,1,MILES,2019/02/14 00:00:00+00,2019/02/14 00:00:00+00,,2019,2019,,011002,01,10,02,011002,Flathead National Forest,,0110,FS,USDA FOREST SERVICE,MT,,,,,200,Mechanical,204,Excavator,0,43968,(PALS)BEAVER CREEK LANDSCAPE RESTORATION PROJECT,"BEAVER STEW STEWARDSHIP,SOUTHWESTERN CROWN OF THE CONTINENT","010,CFLR001","CFLRP,STWD",SC,1,MILES,5922493010602,1132176010602,A250300204,011002A250300204001,001,BV254 FIRELINE,5628373010602,46589,3,Accomplished,2018/08/01 22:40:18+00,,,C7F96992EDE3339D,Y,0110_156_ACTL,2021/01/19 11:32:01+00,0.98,176678,,0.0177175412720018
5620,Watershed Resource Road Obliteration - Length,N/A,PPPP,2,2,MILES,2018/09/28 00:00:00+00,2018/09/28 00:00:00+00,,2018,2018,,031102,03,01,02,030102,Apache-Sitgreaves National Forests,Black Mesa Ranger District,0311,FS,USDA FOREST SERVICE,AZ,,,,,200,Mechanical,201,Dozer,3495,NOT REQD,DEFAULT FOR NOT REQUIRED,"02 RIM LAKES WOODS 13T,4 FOREST RESTORATION INITIATIVE","21802,CFLR005","CFLRP,STWD",SC,2,MILES,AU8170010602,1123406010602,RIMLAKES01,031102RIMLAKES01R02,R02,WOODS ROADS,5587357010602,101043710437,3,Accomplished,2018/10/15 17:32:26+00,20,Digitized Other,3DD216F8E3235689,Y,0301_1635_ACTL,2021/01/18 02:04:16+00,1.992,177581,,0.0340796683614651
2100,Nonrange Fences - Length,N/A,RTRT,0.3,0.3,MILES,2021/06/04 00:00:00+00,2021/06/04 00:00:00+00,2021/06/04 00:00:00+00,2021,2021,2021,031102,03,01,02,030102,Apache-Sitgreaves National Forests,Black Mesa Ranger District,0311,FS,USDA FOREST SERVICE,AZ,,,,,106,Maintenance,000,NA,10,NOT REQD,DEFAULT FOR NOT REQUIRED,4 FOREST RESTORATION INITIATIVE,CFLR005,CFLRP,FA,0.3,MILES,4800974010602,1154113010602,ASPENFENCE,031102ASPENFENCEF02,F02,LARSON 2 FENCE,6327666010602,101043710437,3,Accomplished,2018/09/26 17:40:17+00,3,GPS – Differentially Corrected Data,C3A346860C04E7D6,Y,0301_1631_ACTL,2021/01/18 02:04:16+00,0.243,178221,,0.0039615118005031
1140,Fireline Construction,Preparation,GSRV,0.5,0.5,MILES,2018/09/21 00:00:00+00,2018/09/21 00:00:00+00,,2018,2018,,011002,01,10,02,011002,Flathead National Forest,Condon Ranger District,0110,FS,USDA FOREST SERVICE,MT,,,,,200,,204,,103.53,,,"COLD JIM STEWARDSHIP,SOUTHWESTERN CROWN OF THE CONTINENT","009,CFLR001","CFLRP,STWD",SC,0.5,MILES,5654751010602,1065405010602,A080400063,011002A080400063001,001,FIRELINE,5316435010602,46046,3,Accomplished,2018/08/01 22:41:52+00,,,F0E2BB044AA7AF3A,Y,0110_175_ACTL,2021/01/19 11:32:02+00,0.497,182073,,0.00931583969848893
1140,Fireline Construction,Preparation,GSRV,0.1,0.1,MILES,2018/06/06 00:00:00+00,2018/09/21 00:00:00+00,,2018,2018,,011002,01,10,02,011002,Flathead National Forest,Condon Ranger District,0110,FS,USDA FOREST SERVICE,MT,,,,,200,,204,,103.53,,,"COLD JIM STEWARDSHIP,SOUTHWESTERN CROWN OF THE CONTINENT","009,CFLR001","CFLRP,STWD",SC,0.1,MILES,5654751010602,1124473010602,A080400063,011002A080400063004,004,FIRELINE,5594438010602,46046,3,Accomplished,2018/08/01 22:41:52+00,,,F16C27E54EF3D52E,Y,0110_177_ACTL,2021/01/19 11:32:02+00,0.05,182074,,0.000780054870028854
3101,Recreation (General) - Length,N/A,CWKV,2,2,MILES,2017/01/01 00:00:00+00,2017/01/01 00:00:00+00,2017/01/01 00:00:00+00,2017,2017,2017,080903,08,09,03,080903,Ouachita National Forest,Cold Springs Ranger District,0819,FS,USDA FOREST SERVICE,AR,,,,,000,,000,,2444,,,SHORTLEAF-BLUESTEM COMMUNITY,CFLR018,CFLRP,FA,7,MILES,AU278540010602,420661010602,0000230000,0809030000230000L01,L01,SUGAR CREEK TRAIL,2732130010602,18561,3,Accomplished,2017/09/28 16:14:11+00,20,Digitized Other,DA0BF21048D6F828,Y,0809_21_ACTL,2020/08/25 02:55:52+00,2.335,182075,3,0.0391338089100519
3101,Recreation (General) - Length,N/A,CWKV,2,2,MILES,2017/04/01 00:00:00+00,2017/04/01 00:00:00+00,2017/04/01 00:00:00+00,2017,2017,2017,080903,08,09,03,080903,Ouachita National Forest,Cold Springs Ranger District,0819,FS,USDA FOREST SERVICE,AR,,,,,000,,000,,2444,,,SHORTLEAF-BLUESTEM COMMUNITY,CFLR018,CFLRP,FA,7,MILES,AU278540010602,420661010602,0000230000,0809030000230000L01,L01,SUGAR CREEK TRAIL,AC1657177010602,18561,3,Accomplished,2017/09/28 16:14:11+00,20,Digitized Other,DA0BF2106F3BF907,Y,0809_21_ACTL,2020/08/25 02:55:52+00,2.335,182076,3,0.0391338089100519
1140,Fireline Construction,Preparation,NFHF,1.5,1,MILES,2017/10/01 00:00:00+00,2017/10/10 00:00:00+00,2017/10/10 00:00:00+00,2018,2018,2018,020402,02,04,02,020402,"Grand Mesa, Uncompahgre and Gunnison National Forests",Grand Valley Ranger District,0204,FS,USDA FOREST SERVICE,CO,,,,,100,,111,,125,,,"UNCOMPAHGRE PLATEAU,VETERAN FIRE CORPS"," ,CFLR003"," ,CFLRP",PB,1.5,MILES,AU218192010602,1111396010602,7301011010,0204027301011010V17,V17,ROCKY PITCH - VETERANS LINE CONSTRUCTION,5530375010602,46281,3,Accomplished,2017/11/07 00:00:00+00,20,Digitized Other,F1DCCAA043E108A9,Y,0204_3551_ACTL,2021/01/17 02:23:09+00,0.92,182088,,0.0174032279816061
1140,Fireline Construction,Preparation,NFHF,1,1,MILES,2017/10/01 00:00:00+00,2017/10/05 00:00:00+00,2017/10/05 00:00:00+00,2018,2018,2018,020402,02,04,02,020402,"Grand Mesa, Uncompahgre and Gunnison National Forests",Grand Valley Ranger District,0204,FS,USDA FOREST SERVICE,CO,,,,,100,,111,,125,,,"UNCOMPAHGRE PLATEAU,VETERAN FIRE CORPS"," ,CFLR003"," ,CFLRP",PB,1.5,MILES,AU218192010602,1111431010602,7301011010,0204027301011010V18,V18,ROCKY PITCH - VETERANS LINE CONSTRUCTION,5530445010602,46281,3,Accomplished,2017/11/07 00:00:00+00,20,Digitized Other,7CBA16CA03E19499,Y,0204_3552_ACTL,2021/01/17 02:23:09+00,0.847,182089,,0.0149765067173393
1140,Fireline Construction,Preparation,WFHF,1.6,1.6,MILES,2014/10/01 00:00:00+00,2015/07/07 00:00:00+00,2015/07/07 00:00:00+00,2015,2015,2015,020405,02,04,05,020405,"Grand Mesa, Uncompahgre and Gunnison National Forests",Norwood Ranger District,0204,FS,USDA FOREST SERVICE,CO,,,,,100,,111,,5000,,,"UNCOMPAHGRE PLATEAU,VETERAN FIRE CORPS"," ,CFLR003"," ,CFLRP",FA,1.6,MILES,4777400010602,1000308010602,GLENCOEPIN,020405GLENCOEPINV15,V15,VETERAN FIRE CORPS LINE,4681580010602,32545,3,Accomplished,2015/09/29 15:08:54+00,20,Digitized Other,AA862A838E016238,Y,0204_1631_ACTL,2021/01/17 02:23:09+00,1.27,182090,,0.0212646849503294
3101,Recreation (General) - Length,N/A,CWKV,2,2,MILES,2017/01/01 00:00:00+00,2017/04/01 00:00:00+00,2017/04/01 00:00:00+00,2017,2017,2017,080903,08,09,03,080903,Ouachita National Forest,Cold Springs Ranger District,0819,FS,USDA FOREST SERVICE,AR,,,,,000,,000,,2444,,,SHORTLEAF-BLUESTEM COMMUNITY,CFLR018,CFLRP,FA,7,MILES,AU278540010602,420661010602,0000230000,0809030000230000L01,L01,SUGAR CREEK TRAIL,2732129010602,18561,3,Accomplished,2017/09/28 16:14:11+00,20,Digitized Other,DA0BF210AA82824B,Y,0809_21_ACTL,2020/08/25 02:55:52+00,2.335,182091,3,0.0391338089100519
3101,Recreation (General) - Length,N/A,CWKV,2,2,MILES,2017/01/01 00:00:00+00,2017/04/01 00:00:00+00,2017/04/01 00:00:00+00,2017,2017,2017,080903,08,09,03,080903,Ouachita National Forest,Cold Springs Ranger District,0819,FS,USDA FOREST SERVICE,AR,,,,,000,,000,,2444,,,SHORTLEAF-BLUESTEM COMMUNITY,CFLR018,CFLRP,FA,7,MILES,AU278540010602,420661010602,0000230000,0809030000230000L01,L01,SUGAR CREEK TRAIL,2732127010602,18561,3,Accomplished,2017/09/28 16:14:11+00,20,Digitized Other,DA0BF21026A6CB61,Y,0809_21_ACTL,2020/08/25 02:55:52+00,2.335,182092,3,0.0391338089100519
3101,Recreation (General) - Length,N/A,CWKV,2,2,MILES,2017/01/01 00:00:00+00,2017/04/01 00:00:00+00,2017/04/01 00:00:00+00,2017,2017,2017,080903,08,09,03,080903,Ouachita National Forest,Cold Springs Ranger District,0819,FS,USDA FOREST SERVICE,AR,,,,,000,,000,,2444,,,SHORTLEAF-BLUESTEM COMMUNITY,CFLR018,CFLRP,FA,7,MILES,AU278540010602,420661010602,0000230000,0809030000230000L01,L01,SUGAR CREEK TRAIL,2734236010602,18561,3,Accomplished,2017/09/28 16:14:11+00,20,Digitized Other,DA0BF21004880B30,Y,0809_21_ACTL,2020/08/25 02:55:52+00,2.335,182701,3,0.0391338089100519
6011,Wildlife inventory - transects,N/A,CWKV,5,5,MILES,2016/04/01 00:00:00+00,2016/04/01 00:00:00+00,2016/04/01 00:00:00+00,2016,2016,2016,080903,08,09,03,080903,Ouachita National Forest,Cold Springs Ranger District,0819,FS,USDA FOREST SERVICE,AR,,,,,000,,000,,100,,,SHORTLEAF-BLUESTEM COMMUNITY,CFLR018,CFLRP,FA,5,MILES,AU221987010602,320072010602,0000242TB0,0809030000242TB0000,000,BEAR SURVEY,AC1335062010602,23401032910329,3,Accomplished,2013/04/01 00:00:00+00,20,Digitized Other,5A5BBEE02A04031C,Y,0809_8_ACTL,2020/08/25 02:55:52+00,2.32,182702,,0.0414365394384043
9007,Road Maintenance,Prism,CWKV,1,1,MILES,2014/01/01 00:00:00+00,2014/09/06 00:00:00+00,2014/09/06 00:00:00+00,2014,2014,2014,080909,08,09,09,080909,Ouachita National Forest,Poteau Ranger District,0819,FS,USDA FOREST SERVICE,AR,,,,,000,,000,,22248,,,SHORTLEAF-BLUESTEM COMMUNITY,CFLR018,CFLRP,"CT,FA",1,MILES,AU9495010329,952430010602,0001267000,0809090001267000R01,R01,,4336890010602,21061,3,Accomplished,2019/12/31 18:00:57+00,20,Digitized Other,FD8E1EF1CEEFCB4E,Y,0809_38_ACTL,2020/08/25 02:55:53+00,0.994,182703,,0.0173492091150201
5620,Watershed Resource Road Obliteration - Length,N/A,CWKV,1,1,MILES,2013/01/01 00:00:00+00,2014/07/01 00:00:00+00,2014/07/01 00:00:00+00,2013,2014,2014,080909,08,09,09,080909,Ouachita National Forest,Poteau Ranger District,0819,FS,USDA FOREST SERVICE,AR,,,,,000,,000,,5000,,,SHORTLEAF-BLUESTEM COMMUNITY,CFLR018,CFLRP,,1,MILES,AU218784010602,315966010602,000HSMT000,080909000HSMT000R01,R01,ROAD OBLITERATION,AC1309379010602,427010602,3,Accomplished,2019/12/31 19:10:54+00,20,Digitized Other,743A215D33131B18,Y,0809_40_ACTL,2020/08/25 02:55:52+00,1.127,182704,,0.0205698724877781
2100,Nonrange Fences - Length,N/A,RTRT,0.3,0.3,MILES,2021/11/01 00:00:00+00,2021/11/01 00:00:00+00,2021/11/01 00:00:00+00,2022,2022,2022,031102,03,11,02,030102,Apache-Sitgreaves National Forests,Black Mesa Ranger District,0311,FS,USDA FOREST SERVICE,AZ,,,,,106,,000,,10,NOT REQD,DEFAULT FOR NOT REQUIRED,4 FOREST RESTORATION INITIATIVE,CFLR005,CFLRP,FA,0.3,MILES,4800974010602,1154115010602,ASPENFENCE,031102ASPENFENCEF16,F16,PROMONTORY FENCE,6399026010602,101043710437,3,Accomplished,2018/09/26 17:48:11+00,3,GPS – Differentially Corrected Data,3AC79B887A8D258B,Y,0301_1634_ACTL,2021/01/18 02:04:16+00,0.29,183352,,0.00472596124399522
1140,Fireline Construction,Preparation,GSRV,0.4,0.4,MILES,2018/08/31 00:00:00+00,2018/09/21 00:00:00+00,2021/11/10 00:00:00+00,2018,2018,2022,011002,01,10,02,011002,Flathead National Forest,Condon Ranger District,0110,FS,USDA FOREST SERVICE,MT,1701021102,,,,200,,204,,0,,,"COLD JIM STEWARDSHIP,SOUTHWESTERN CROWN OF THE CONTINENT","009,CFLR001","CFLRP,STWD",SC,0.4,MILES,5654932010602,1065742010602,A100100083,011002A100100083001,001,FIRELINE,5317610010602,46046,3,Accomplished,2018/08/01 22:41:52+00,,,83F3A70F3645BFF0,Y,0110_172_ACTL,2021/01/19 11:32:02+00,0.427,183661,,0.00746605499591903
1140,Fireline Construction,Preparation,GSRV,0.6,0.6,MILES,2018/08/31 00:00:00+00,2018/09/21 00:00:00+00,2021/11/15 00:00:00+00,2018,2018,2022,011002,01,10,02,011002,Flathead National Forest,Condon Ranger District,0110,FS,USDA FOREST SERVICE,MT,1701021102,,,,200,,204,,0,,,"COLD JIM STEWARDSHIP,SOUTHWESTERN CROWN OF THE CONTINENT","009,CFLR001","CFLRP,STWD",SC,0.6,MILES,5893474010602,1123894010602,A100100084,011002A100100084001,001,FIRELINE,5590486010602,46046,3,Accomplished,2018/08/01 22:41:52+00,,,6300FC60D6407AE9,Y,0110_171_ACTL,2021/01/19 11:32:02+00,0.592,183662,,0.0106011482173493
1140,Fireline Construction,Preparation,GSRV,3.4,3.4,MILES,2019/02/14 00:00:00+00,2019/02/14 00:00:00+00,2022/07/12 00:00:00+00,2019,2019,2022,011002,01,10,02,011002,Flathead National Forest,Condon Ranger District,0110,FS,USDA FOREST SERVICE,MT,,,,,200,,204,,0,,,"BEAVER STEW STEWARDSHIP,SOUTHWESTERN CROWN OF THE CONTINENT","010,CFLR001","CFLRP,STWD",SC,3.4,MILES,AU72535010259,1134546010602,A230100190,011002A230100190002,002,BV32 FIRELINE,5639659010602,46589,3,Accomplished,2018/08/01 22:40:18+00,,,2513D2E5200A4364,Y,0110_152_ACTL,2021/01/19 11:32:01+00,0.255,183663,,0.00480739039551275
1140,Fireline Construction,Preparation,GSRV,0.3,0.3,MILES,2019/02/14 00:00:00+00,2019/02/14 00:00:00+00,2022/07/19 00:00:00+00,2019,2019,2022,011002,01,10,02,011002,Flathead National Forest,Condon Ranger District,0110,FS,USDA FOREST SERVICE,MT,,,,,200,,204,,0,,,"BEAVER STEW STEWARDSHIP,SOUTHWESTERN CROWN OF THE CONTINENT","010,CFLR001","CFLRP,STWD",SC,0.3,MILES,5933800010602,1134991010602,A230100220,011002A230100220005,005,BV39NE FIRELINE,5641168010602,46589,3,Accomplished,2018/08/01 22:40:18+00,,,91AC75452F8F637B,Y,0110_165_ACTL,2021/01/19 11:32:02+00,0.284,183664,,0.00531520672323502
1140,Fireline Construction,Preparation,GSRV,0.4,0.4,MILES,2019/02/14 00:00:00+00,2019/02/14 00:00:00+00,2022/07/19 00:00:00+00,2019,2019,2022,011002,01,10,02,011002,Flathead National Forest,Condon Ranger District,0110,FS,USDA FOREST SERVICE,MT,,,,,200,,204,,0,,,"BEAVER STEW STEWARDSHIP,SOUTHWESTERN CROWN OF THE CONTINENT","010,CFLR001","CFLRP,STWD",SC,0.4,MILES,5933800010602,1134998010602,A230100220,011002A230100220007,007,BV39NWNW FIRELINE,5641172010602,46589,3,Accomplished,2018/08/01 22:40:18+00,,,5FF476BF4844510B,Y,0110_166_ACTL,2021/01/19 11:32:02+00,0.344,183665,,0.00674200969306378
1140,Fireline Construction,Preparation,GSRV,0.3,0.3,MILES,2019/02/14 00:00:00+00,2019/02/14 00:00:00+00,2022/07/19 00:00:00+00,2019,2019,2022,011002,01,10,02,011002,Flathead National Forest,Condon Ranger District,0110,FS,USDA FOREST SERVICE,MT,,,,,200,,204,,0,,,"BEAVER STEW STEWARDSHIP,SOUTHWESTERN CROWN OF THE CONTINENT","010,CFLR001","CFLRP,STWD",SC,0.3,MILES,5933800010602,1134999010602,A230100220,011002A230100220009,009,BV39NWSC FIRELINE,5641173010602,46589,3,Accomplished,2018/08/01 22:40:18+00,,,35C3D9E2C70AE751,Y,0110_167_ACTL,2021/01/19 11:32:02+00,0.276,183666,,0.00478113896611267
1140,Fireline Construction,Preparation,GSRV,0.1,0.1,MILES,2019/02/14 00:00:00+00,2019/02/14 00:00:00+00,2022/07/19 00:00:00+00,2019,2019,2022,011002,01,10,02,011002,Flathead National Forest,Condon Ranger District,0110,FS,USDA FOREST SERVICE,MT,,,,,200,,204,,0,,,"BEAVER STEW STEWARDSHIP,SOUTHWESTERN CROWN OF THE CONTINENT","010,CFLR001","CFLRP,STWD",SC,0.1,MILES,5933800010602,1135000010602,A230100220,011002A230100220011,011,BV39NWSW FIRELINE,5641174010602,46589,3,Accomplished,2018/08/01 22:40:18+00,,,A5188FA70421C460,Y,0110_164_ACTL,2021/01/19 11:32:02+00,0.144,183667,,0.00251893507240136
1140,Fireline Construction,Preparation,GSRV,0.6,0.6,MILES,2019/02/14 00:00:00+00,2019/02/14 00:00:00+00,2022/07/19 00:00:00+00,2019,2019,2022,011002,01,10,02,011002,Flathead National Forest,Condon Ranger District,0110,FS,USDA FOREST SERVICE,MT,,,,,200,,204,,0,,,"BEAVER STEW STEWARDSHIP,SOUTHWESTERN CROWN OF THE CONTINENT","010,CFLR001","CFLRP,STWD",SC,0.6,MILES,5933800010602,1135001010602,A230100220,011002A230100220013,013,BV39SE FIRELINE,5641175010602,46589,3,Accomplished,2018/08/01 22:40:18+00,,,C2F7A68C84066CD4,Y,0110_163_ACTL,2021/01/19 11:32:02+00,0.556,183668,,0.00976827012027372
1140,Fireline Construction,Preparation,GSRV,0.3,0.3,MILES,2019/02/14 00:00:00+00,2019/02/14 00:00:00+00,2022/07/19 00:00:00+00,2019,2019,2022,011002,01,10,02,011002,Flathead National Forest,Condon Ranger District,0110,FS,USDA FOREST SERVICE,MT,,,,,200,,204,,0,,,"BEAVER STEW STEWARDSHIP,SOUTHWESTERN CROWN OF THE CONTINENT","010,CFLR001","CFLRP,STWD",SC,0.3,MILES,5933800010602,1135002010602,A230100220,011002A230100220015,015,BV39SW FIRELINE,5641177010602,46589,3,Accomplished,2018/08/01 22:40:18+00,,,3D464A441EEE1EC1,Y,0110_162_ACTL,2021/01/19 11:32:02+00,0.301,183669,,0.00544377323245293
1140,Fireline Construction,Preparation,GSRV,0.3,0.3,MILES,2019/02/14 00:00:00+00,2019/02/14 00:00:00+00,2022/07/26 00:00:00+00,2019,2019,2022,011002,01,10,02,011002,Flathead National Forest,Condon Ranger District,0110,FS,USDA FOREST SERVICE,MT,,,,,200,,204,,0,,,"BEAVER STEW STEWARDSHIP,SOUTHWESTERN CROWN OF THE CONTINENT","010,CFLR001","CFLRP,STWD",SC,0.3,MILES,5933847010602,1134986010602,A230100221,011002A230100221001,001,BV42 FIRELINE,5641184010602,46589,3,Accomplished,2018/08/01 22:40:18+00,,,1327A56A1AD33FFB,Y,0110_154_ACTL,2021/01/19 11:32:01+00,0.334,183670,,0.00599965340123633
1140,Fireline Construction,Preparation,GSRV,1.3,1.3,MILES,2019/02/14 00:00:00+00,2019/02/14 00:00:00+00,2022/07/05 00:00:00+00,2019,2019,2022,011002,01,10,02,011002,Flathead National Forest,Condon Ranger District,0110,FS,USDA FOREST SERVICE,MT,,,,,200,,204,,0,,,"BEAVER STEW STEWARDSHIP,SOUTHWESTERN CROWN OF THE CONTINENT","010,CFLR001","CFLRP,STWD",SC,1.3,MILES,5931791010602,1134553010602,A230200070,011002A230200070001,001,BV36 FIRELINE,5639681010602,46589,3,Accomplished,2018/08/01 22:40:18+00,,,BA46B0D5793E526A,Y,0110_153_ACTL,2021/01/19 11:32:01+00,1.285,183671,,0.0239372908652332
6683,Inland Fish habitat non-structural maintenance - Length,N/A,CFLN,0.9,0.9,MILES,2008/06/16 00:00:00+00,2013/09/22 00:00:00+00,2013/09/30 00:00:00+00,2008,2013,2013,051652,05,16,52,051652,Stanislaus National Forest,Calaveras Ranger District,0516,FS,USDA FOREST SERVICE,CA,,,,,200,,204,,1200,,,AMADOR-CALAVERAS CONSENSUS GROUP CORNERSTONE PROJECT,CFLR015,CFLRP,CT,2.5,MILES,2556947010602,909901010602,2110013000,0516522110013000001,001,FOREST CREEK ROADS,4049486010602,26652,3,Accomplished,2022/09/28 00:00:00+00,7,Digitized From Hardcopy PBS/SEQ,A841FD441FB86F06,Y,0516_29_ACTL,2022/09/29 01:19:25+00,2.115,183982,,0.0343315454623592
1140,Fireline Construction,Preparation,NFXN,3.6,3.6,MILES,2021/08/01 00:00:00+00,2021/09/01 00:00:00+00,2022/05/14 00:00:00+00,2021,2021,2022,031002,03,10,02,031002,Santa Fe National Forest,Cuba Ranger District,0310,FS,USDA FOREST SERVICE,NM,,,,,100,,113,,45632,,,RIO CHAMA,CFLR025,CFLRP,CT,3.6,MILES,AU198408010602,1313362010602,CHAPARRAL1,031002CHAPARRAL1006,006,TUSAS WEST HANDLINE,6535929010602,101041810418,3,Accomplished,2022/05/27 00:00:00+00,2,GPS – Uncorrected Data,F91549BC4853028E,Y,0310_3_ACTL,2022/06/30 01:19:24+00,3.91,183983,,0.0649341632822037
2100,Nonrange Fences - Length,N/A,RTRT,0.3,0.3,MILES,2021/11/01 00:00:00+00,2021/11/01 00:00:00+00,2021/11/01 00:00:00+00,2022,2022,2022,031102,03,11,02,030102,Apache-Sitgreaves National Forests,Black Mesa Ranger District,0311,FS,USDA FOREST SERVICE,AZ,,,,,106,,000,,10,NOT REQD,DEFAULT FOR NOT REQUIRED,"4 FOREST RESTORATION INITIATIVE,4FRI","CFLR005,NPL005","CFLRP,NPL",FA,0.3,MILES,4800974010602,1154113010602,ASPENFENCE,031102ASPENFENCEF02,F02,LARSON 2 FENCE,6398967010602,101043710437,3,Accomplished,2018/09/26 17:40:17+00,3,GPS – Differentially Corrected Data,C3A34686F702E9D4,Y,0301_1631_ACTL,2021/01/18 02:04:16+00,0.243,183984,,0.0039615118005031
2100,Nonrange Fences - Length,N/A,RTRT,0.4,0.4,MILES,2021/11/01 00:00:00+00,2021/11/15 00:00:00+00,2021/11/15 00:00:00+00,2022,2022,2022,031102,03,11,02,030102,Apache-Sitgreaves National Forests,Black Mesa Ranger District,0311,FS,USDA FOREST SERVICE,AZ,,,,,106,,000,,10,NOT REQD,DEFAULT FOR NOT REQUIRED,"4 FOREST RESTORATION INITIATIVE,4FRI","CFLR005,NPL005","CFLRP,NPL",FA,0.4,MILES,4800974010602,1154117010602,ASPENFENCE,031102ASPENFENCEF08,F08,LARSON 8 FENCE,6399014010602,101043710437,3,Accomplished,2018/09/26 17:44:54+00,3,GPS – Differentially Corrected Data,0258F291F0319018,Y,0301_1633_ACTL,2021/01/18 02:04:16+00,0.448,183986,,0.00661792273914474
2100,Nonrange Fences - Length,N/A,RTRT,0.8,0.8,MILES,2021/11/02 00:00:00+00,2021/11/02 00:00:00+00,2021/11/02 00:00:00+00,2022,2022,2022,031102,03,11,02,030102,Apache-Sitgreaves National Forests,Black Mesa Ranger District,0311,FS,USDA FOREST SERVICE,AZ,,,,,106,,000,,10,NOT REQD,DEFAULT FOR NOT REQUIRED,"4 FOREST RESTORATION INITIATIVE,4FRI","CFLR005,NPL005","CFLRP,NPL",FA,0.8,MILES,4800974010602,1153466010602,ASPENFENCE,031102ASPENFENCEF17,F17,WILLOW FENCE,6399020010602,101043710437,3,Accomplished,2018/09/18 16:36:34+00,2,GPS – Uncorrected Data,EAA9EE03EAF482D0,Y,0301_1311_ACTL,2021/01/18 02:04:16+00,0.789,183987,,0.0125376682741959
2100,Nonrange Fences - Length,N/A,RTRT,0.3,0.3,MILES,2021/11/10 00:00:00+00,2021/11/10 00:00:00+00,2021/11/10 00:00:00+00,2022,2022,2022,031102,03,11,02,030102,Apache-Sitgreaves National Forests,Black Mesa Ranger District,0311,FS,USDA FOREST SERVICE,AZ,,,,,106,,000,,10,NOT REQD,DEFAULT FOR NOT REQUIRED,"4 FOREST RESTORATION INITIATIVE,4FRI","CFLR005,NPL005","CFLRP,NPL",FA,0.3,MILES,4800974010602,1162103010602,ASPENFENCE,031102ASPENFENCEF20,F20,LONG TOM REC,6400464010602,101043710437,3,Accomplished,2018/10/24 20:11:06+00,2,GPS – Uncorrected Data,6F82A6BFA9BEB408,Y,0301_1951_ACTL,2021/01/18 02:04:16+00,0.329,183988,,0.00497085816767437
1140,Fireline Construction,Preparation,GSRV,1.5,1.5,MILES,2018/09/21 00:00:00+00,2018/09/21 00:00:00+00,2023/07/12 00:00:00+00,2018,2018,2023,011002,,,,011002,,,0110,FS,USDA FOREST SERVICE,MT,1701021102,,,,200,,204,,103.53,,,"COLD JIM STEWARDSHIP,SOUTHWESTERN CROWN OF THE CONTINENT","009,CFLR001","CFLRP,STWD",SC,1.5,MILES,5654682010602,1065727010602,A050100070,011002A050100070001,001,FIRELINE,5317603010602,46046,3,Accomplished,2018/08/01 22:41:52+00,,,AA24E231128E67C6,Y,0110_169_ACTL,2021/01/19 11:32:02+00,1.503,184621,,0.0281930130953325
1140,Fireline Construction,Preparation,CFLN,0.5,0.5,MILES,2022/06/01 00:00:00+00,2022/06/14 00:00:00+00,2023/05/31 00:00:00+00,2022,2022,2023,031001,,10,,031001,Santa Fe National Forest,Coyote Ranger District,0310,FS,USDA FOREST SERVICE,NM,,,,,100,,100,,26400,36980,(PALS)CORDOVAS RESTORATION THINNING AND PRESCRIBED FIRE PROJECT,RIO CHAMA,CFLR025,CFLRP,CT,0.5,MILES,5575214010602,1382049010602,CORDOVASD1,031001CORDOVASD1007,007,CORDOVAS NORTH HANDLINE,6885547010602,39934,3,Accomplished,2023/10/16 00:00:00+00,2,GPS – Uncorrected Data,9FC36E182977598F,Y,0310_626_ACTL,2023/10/17 01:09:01+00,0.461,184941,,0.00790281877851568
1140,Fireline Construction,Preparation,CFLN,0.7,0.7,MILES,2023/06/15 00:00:00+00,2023/06/30 00:00:00+00,2023/07/15 00:00:00+00,2023,2023,2023,031001,,10,,031001,Santa Fe National Forest,Coyote Ranger District,0310,FS,USDA FOREST SERVICE,NM,,,,,100,,100,,8395,,,RIO CHAMA,CFLR025,CFLRP,CT,0.7,MILES,6421777010602,1383762010602,RIOCHAMAD2,031001RIOCHAMAD2006,006,GOBERNO HANDLINE,6892064010602,27714,3,Accomplished,2023/10/16 00:00:00+00,2,GPS – Uncorrected Data,F13FED7C7D873DE0,Y,0310_627_ACTL,2023/10/17 01:09:01+00,0.679,184942,,0.0116032543454285
1140,Fireline Construction,Preparation,CFLN,2.9,2.9,MILES,2022/06/01 00:00:00+00,2022/06/14 00:00:00+00,2023/05/31 00:00:00+00,2022,2022,2023,031006,,10,,031006,Santa Fe National Forest,Espanola Ranger District,0310,FS,USDA FOREST SERVICE,NM,,,,,100,,100,,26409,CE NO DM,CE without DM,RIO CHAMA,CFLR025,CFLRP,CT,2.9,MILES,AU219541010602,1381965010602,BLANCO_WUI,031006BLANCO_WUI004,004,BLANCO NORTH HANDLINE,6885290010602,1757010602,3,Accomplished,2023/10/16 00:00:00+00,2,GPS – Uncorrected Data,CFE94E8566A149E7,Y,0310_342_ACTL,2023/10/17 01:09:01+00,2.921,184943,,0.0466888532823567
1140,Fireline Construction,Preparation,CFLN,2.6,2.6,MILES,2023/05/01 00:00:00+00,2023/05/25 00:00:00+00,2023/07/24 00:00:00+00,2023,2023,2023,031006,,10,,031006,Santa Fe National Forest,Espanola Ranger District,0310,FS,USDA FOREST SERVICE,NM,,,,,100,,100,,8425,,,RIO CHAMA,CFLR025,CFLRP,CT,2.6,MILES,AU219541010602,1381978010602,BLANCO_WUI,031006BLANCO_WUI006,006,BLANCO WEST HANDLINE,6885343010602,1757010602,3,Accomplished,2023/10/16 00:00:00+00,2,GPS – Uncorrected Data,D9865FA0299D31B3,Y,0310_341_ACTL,2023/10/17 01:09:01+00,2.426,184944,,0.0421687931534396
6011,Wildlife inventory - transects,N/A,WFHF,62.7,62.7,MILES,2012/06/01 00:00:00+00,2012/08/15 00:00:00+00,2012/08/15 00:00:00+00,2012,2012,2012,050653,,06,,050653,Lassen National Forest,Hat Creek Ranger District,0506,FS,USDA FOREST SERVICE,CA,,,,,000,Not Applicable,000,NA,0,NOT REQD,DEFAULT FOR NOT REQUIRED,BURNEY-HAT CREEK BASINS PROJECT,CFLR014,CFLRP,FA,62.7,MILES,3652127010602,847301010602,W015000001,050653W015000001001,001,CFLR NEPA WHITTINGTON GOSHHAWK TRANSECTS,3639199010602,101031010310,3,Accomplished,2012/08/15 00:00:00+00,20,Digitized Other,E03033D1A3792FF4,Y,0506_1285_ACTL,2024/02/18 02:12:24+00,66.687,185261,,0.909106895854777
3230,Trail Construction,N/A,CFLR,0.3,0.3,MILES,2010/09/09 00:00:00+00,2010/09/09 00:00:00+00,2010/09/09 00:00:00+00,2010,2010,2010,011002,,,,011002,,,0110,FS,USDA FOREST SERVICE,MT,170102110104,30,6800,E,100,Manual,100,Hand Work,0,NOT REQD,DEFAULT FOR NOT REQUIRED,SOUTHWESTERN CROWN OF THE CONTINENT,CFLR001,CFLRP,FA,0.3,MILES,2809749010602,739685010602,1701021101,0110021701021101004,004,TURQUOISE LAKE TRAIL RELOCATION,2885527010602,101025910259,3,Accomplished,,20,Digitized Other,BEB96CCFD2AC216D,N,0110_53_ACTL,2024/06/14 07:28:18+00,0.302,185581,,0.00464255983853621
9007,Road Maintenance,Prism,CFLR,9,9,MILES,2010/09/09 00:00:00+00,2010/09/09 00:00:00+00,2010/09/30 00:00:00+00,2010,2010,2010,011002,,,,011002,,,0110,FS,USDA FOREST SERVICE,MT,170102110205,5,4000,W,200,Mechanical,224,Utility Vehicle,0,27276,(PALS)MID SWAN BLOWDOWN SALVAGE PROJECT,SOUTHWESTERN CROWN OF THE CONTINENT,CFLR001,CFLRP,CA,9,MILES,2809876010602,739690010602,1701021102,0110021701021102006,006,ROAD 901/899 RESURFACING,2885608010602,24027,3,Accomplished,2014/06/09 19:45:39+00,,,4FF3D309B7EF1C53,N,0110_55_ACTL,2024/06/14 07:28:18+00,9.727,185582,,0.160823134734397
1140,Fireline Construction,Preparation,WFHF,0.5,0.5,MILES,2015/05/05 00:00:00+00,2015/09/15 00:00:00+00,2015/09/15 00:00:00+00,2015,2015,2015,011002,,,,011002,,,0110,FS,USDA FOREST SERVICE,MT,170102110205,,,,207,Mechanical pile,204,Excavator,0,06108,MEADOW SMITH,SOUTHWESTERN CROWN OF THE CONTINENT,CFLR001,CFLRP,FA,0.5,MILES,AU186695010602,1002898010602,A060100013,011002A060100013001,001,FIRELINE,4740901010602,1170010602,3,Accomplished,2015/10/06 13:37:55+00,,,5D0256D324748B0C,N,0110_100_ACTL,2024/06/14 07:28:18+00,0.534,185583,,0.00885535674929435
1140,Fireline Construction,Preparation,PPPP,0.8,0.8,MILES,2009/11/11 00:00:00+00,2012/10/10 00:00:00+00,2012/10/10 00:00:00+00,2010,2013,2013,011002,,,,011002,,,0110,FS,USDA FOREST SERVICE,MT,1701021102,,,,207,Mechanical pile,204,Excavator,0,28071,(PALS)SUMMIT MOUNTAIN PINE BEETLE SAVALGE PROJECT DN,SOUTHWESTERN CROWN OF THE CONTINENT,CFLR001,CFLRP,PR,0.8,MILES,AU318586010602,588352010602,A240200024,011002A240200024001,001,FIRELINE,AC1968722010602,25956,3,Accomplished,,3,GPS – Differentially Corrected Data,FC6CFC8FACDA0B2D,N,0110_43_ACTL,2024/06/14 07:28:18+00,0.801,185584,,0.0130796834928896
1140,Fireline Construction,Preparation,PPPP,1,1,MILES,2009/11/11 00:00:00+00,2011/08/08 00:00:00+00,2011/08/08 00:00:00+00,2010,2011,2011,011002,,,,011002,,,0110,FS,USDA FOREST SERVICE,MT,1701021102,,,,207,Mechanical pile,204,Excavator,0,28071,(PALS)SUMMIT MOUNTAIN PINE BEETLE SAVALGE PROJECT DN,SOUTHWESTERN CROWN OF THE CONTINENT,CFLR001,CFLRP,PR,1,MILES,AU318947010602,587806010602,A240300035,011002A240300035001,001,FIRELINE,AC1967396010602,25956,3,Accomplished,,3,GPS – Differentially Corrected Data,A2781544353A0603,N,0110_45_ACTL,2024/06/14 07:28:18+00,0.971,185585,,0.0175975069902336
1140,Fireline Construction,Preparation,PPPP,0.7,0.7,MILES,2009/11/11 00:00:00+00,2011/08/08 00:00:00+00,2011/08/08 00:00:00+00,2010,2011,2011,011002,,,,011002,,,0110,FS,USDA FOREST SERVICE,MT,1701021102,,,,200,Mechanical,204,Excavator,0,28071,(PALS)SUMMIT MOUNTAIN PINE BEETLE SAVALGE PROJECT DN,SOUTHWESTERN CROWN OF THE CONTINENT,CFLR001,CFLRP,PR,0.7,MILES,AU319034010602,587499010602,A240300055,011002A240300055001,001,FIRELINE,AC1966705010602,25956,3,Accomplished,,3,GPS – Differentially Corrected Data,D1FEF908B9850C12,N,0110_48_ACTL,2024/06/14 07:28:18+00,0.662,185586,,0.0117738639885979
1140,Fireline Construction,Preparation,PPPP,0.9,0.9,MILES,2009/11/11 00:00:00+00,2011/08/08 00:00:00+00,2011/08/08 00:00:00+00,2010,2011,2011,011002,,,,011002,,,0110,FS,USDA FOREST SERVICE,MT,1701021102,,,,207,Mechanical pile,204,Excavator,0,28071,(PALS)SUMMIT MOUNTAIN PINE BEETLE SAVALGE PROJECT DN,SOUTHWESTERN CROWN OF THE CONTINENT,CFLR001,CFLRP,PR,0.9,MILES,AU319137010602,589677010602,A240400057,011002A240400057001,001,FIRELINE,AC1973295010602,25956,3,Accomplished,,3,GPS – Differentially Corrected Data,243516F2677E2B0C,N,0110_47_ACTL,2024/06/14 07:28:18+00,0.885,185587,,0.0146481751231953
2100,Nonrange Fences - Length,N/A,RTRT,0.5,0.5,MILES,2021/11/01 00:00:00+00,2021/11/15 00:00:00+00,2021/11/15 00:00:00+00,2022,2022,2022,031102,,01,,030102,Apache-Sitgreaves National Forests,Black Mesa Ranger District,0311,FS,USDA FOREST SERVICE,AZ,,,,,106,,000,,10,NOT REQD,DEFAULT FOR NOT REQUIRED,"4 FOREST RESTORATION INITIATIVE,4FRI","CFLR005,NPL005","CFLRP,NPL",FA,0.5,MILES,4800974010602,1154114010602,ASPENFENCE,031102ASPENFENCEF03,F03,LARSON 3 FENCE,6398976010602,101043710437,3,Accomplished,2018/09/26 17:43:16+00,3,GPS – Differentially Corrected Data,337BCD8847265AFF,N,0301_1632_ACTL,2024/06/14 07:28:15+00,0.525,185588,,0.00826359412571495
2100,Nonrange Fences - Length,N/A,NFXN,0.5,0.5,MILES,2017/11/10 00:00:00+00,2017/11/10 00:00:00+00,2017/11/10 00:00:00+00,2018,2018,2018,031102,,01,,030102,Apache-Sitgreaves National Forests,Black Mesa Ranger District,0311,FS,USDA FOREST SERVICE,AZ,,,,,100,Manual,100,Hand Work,10000,13024,(PALS)RIM LAKES FOREST RESTORATION PROJECT,4 FOREST RESTORATION INITIATIVE,CFLR005,CFLRP,FA,0.5,MILES,4800974010602,1154114010602,ASPENFENCE,031102ASPENFENCEF03,F03,LARSON 3 FENCE,5726139010602,38773,3,Accomplished,2018/09/26 17:43:16+00,3,GPS – Differentially Corrected Data,337BCD8821CD886F,N,0301_1632_ACTL,2024/06/14 07:28:15+00,0.525,185589,,0.00826359412571495
2100,Nonrange Fences - Length,N/A,RTRT,0.4,0.4,MILES,2018/10/01 00:00:00+00,2018/10/23 00:00:00+00,2018/10/23 00:00:00+00,2019,2019,2019,031102,,01,,030102,Apache-Sitgreaves National Forests,Black Mesa Ranger District,0311,FS,USDA FOREST SERVICE,AZ,,,,,100,Manual,000,NA,10,NOT REQD,DEFAULT FOR NOT REQUIRED,4 FOREST RESTORATION INITIATIVE,CFLR005,CFLRP,FA,0.4,MILES,4800974010602,1162102010602,ASPENFENCE,031102ASPENFENCEF19,F19,LONG TOM 2,5756719010602,101043710437,3,Accomplished,2018/10/24 20:19:54+00,2,GPS – Uncorrected Data,7CF71E30E8905A0E,N,0301_1952_ACTL,2024/06/14 07:28:15+00,0.463,185590,,0.00681401625137397
2100,Nonrange Fences - Length,N/A,RTRT,0.4,0.4,MILES,2021/06/04 00:00:00+00,2022/05/10 00:00:00+00,2022/05/10 00:00:00+00,2021,2022,2022,031102,,01,,030102,Apache-Sitgreaves National Forests,Black Mesa Ranger District,0311,FS,USDA FOREST SERVICE,AZ,,,,,106,,000,,10,NOT REQD,DEFAULT FOR NOT REQUIRED,4 FOREST RESTORATION INITIATIVE,CFLR005,CFLRP,FA,0.4,MILES,4800974010602,1162102010602,ASPENFENCE,031102ASPENFENCEF19,F19,LONG TOM 2,6532151010602,101043710437,3,Accomplished,2018/10/24 20:19:54+00,2,GPS – Uncorrected Data,7CF71E308F7A54C8,N,0301_1952_ACTL,2024/06/14 07:28:15+00,0.463,185591,,0.00681401625137397
3231,Trail Maintenance,N/A,CWKV,0.9,0.9,MILES,2010/10/01 00:00:00+00,2011/08/03 00:00:00+00,2011/08/03 00:00:00+00,2011,2011,2011,031102,,01,,030102,Apache-Sitgreaves National Forests,Black Mesa Ranger District,0311,FS,USDA FOREST SERVICE,AZ,,,,,106,Maintenance,113,Hand Tool,1033,CE NO DM,CE without DM,4 FOREST RESTORATION INITIATIVE,CFLR005,CFLRP,FA,1,MILES,2759881010602,741838010602,BMTRAILS10,031102BMTRAILS10005,005,BLACK MESA TR 524,3280668010602,1757010602,3,Accomplished,2016/07/27 00:00:00+00,2,GPS – Uncorrected Data,6C8D25BD28B276E6,N,0301_5_ACTL,2024/06/14 07:28:15+00,0.883,185592,,0.0143326187389103
3231,Trail Maintenance,N/A,CWKV,1.4,1.4,MILES,2010/10/01 00:00:00+00,2011/07/15 00:00:00+00,2011/07/15 00:00:00+00,2011,2011,2011,031102,,01,,030102,Apache-Sitgreaves National Forests,Black Mesa Ranger District,0311,FS,USDA FOREST SERVICE,AZ,,,,,100,Manual,100,Hand Work,1033,CE NO DM,CE without DM,4 FOREST RESTORATION INITIATIVE,CFLR005,CFLRP,FA,1.4,MILES,2759881010602,741842010602,BMTRAILS10,031102BMTRAILS10008,008,BLACK MESA TR 204,3280507010602,1757010602,3,Accomplished,2016/07/28 00:00:00+00,20,Digitized Other,3F8EA45F70506ABE,N,0301_3_ACTL,2024/06/14 07:28:15+00,1.357,185593,,0.021393046986289
3231,Trail Maintenance,N/A,CWKV,0.9,0.9,MILES,2010/10/01 00:00:00+00,2011/08/01 00:00:00+00,2011/08/01 00:00:00+00,2011,2011,2011,031102,,01,,030102,Apache-Sitgreaves National Forests,Black Mesa Ranger District,0311,FS,USDA FOREST SERVICE,AZ,,,,,100,Manual,100,Hand Work,1033,CE NO DM,CE without DM,4 FOREST RESTORATION INITIATIVE,CFLR005,CFLRP,FA,0.9,MILES,2759881010602,741915010602,BMTRAILS10,031102BMTRAILS10009,009,BLACK MESA TR 206,3280536010602,1757010602,3,Accomplished,2016/07/27 00:00:00+00,2,GPS – Uncorrected Data,83308562D723094A,N,0301_2_ACTL,2024/06/14 07:28:15+00,0.832,185594,,0.0139461230364298
3231,Trail Maintenance,N/A,CWKV,1,1,MILES,2010/10/01 00:00:00+00,2011/08/02 00:00:00+00,2011/08/02 00:00:00+00,2011,2011,2011,031102,,01,,030102,Apache-Sitgreaves National Forests,Black Mesa Ranger District,0311,FS,USDA FOREST SERVICE,AZ,,,,,100,Manual,100,Hand Work,1033,CE NO DM,CE without DM,4 FOREST RESTORATION INITIATIVE,CFLR005,CFLRP,FA,1,MILES,2759881010602,810903010602,BMTRAILS10,031102BMTRAILS10012,012,BLACK MESA TR 528,3280657010602,1757010602,3,Accomplished,2015/07/31 00:00:00+00,2,GPS – Uncorrected Data,45B99CA1768021A0,N,0301_668_ACTL,2024/06/14 07:28:15+00,1.047,185595,,0.0167528069304428
3231,Trail Maintenance,N/A,CWKV,20.3,20.3,MILES,2013/10/01 00:00:00+00,2014/07/01 00:00:00+00,2017/05/01 00:00:00+00,2014,2014,2017,031102,,01,,030102,Apache-Sitgreaves National Forests,Black Mesa Ranger District,0311,FS,USDA FOREST SERVICE,AZ,,,,,100,Manual,100,Hand Work,1328,NOT REQD,DEFAULT FOR NOT REQUIRED,4 FOREST RESTORATION INITIATIVE,CFLR005,CFLRP,CA,20.3,MILES,2759881010602,956300010602,BMTRAILS10,031102BMTRAILS10027,027,BLACK MESA TRAILS,4364846010602,101043710437,3,Accomplished,2016/07/27 00:00:00+00,2,GPS – Uncorrected Data,72B8C6D6924437FA,N,0301_669_ACTL,2024/06/14 07:28:15+00,19.28,185596,,0.306409734382345
3231,Trail Maintenance,N/A,CWKV,3,3,MILES,2015/10/01 00:00:00+00,2016/09/29 00:00:00+00,2016/09/29 00:00:00+00,2016,2016,2016,031102,,01,,030102,Apache-Sitgreaves National Forests,Black Mesa Ranger District,0311,FS,USDA FOREST SERVICE,AZ,,,,,100,Manual,100,Hand Work,2697,CE NO DM,CE without DM,4 FOREST RESTORATION INITIATIVE,CFLR005,CFLRP,FA,3,MILES,2759881010602,1013619010602,BMTRAILS10,031102BMTRAILS10030,030,WOODS CANYON TRIL 336,4766671010602,1757010602,3,Accomplished,2016/10/19 00:00:00+00,24,Other,F30AA9A9AA1A3A5A,N,0301_671_ACTL,2024/06/14 07:28:15+00,2.772,185597,0,0.0448186634406407
9003,Road Obliteration,N/A,GSRV,5,5,MILES,2019/01/01 00:00:00+00,2019/08/06 00:00:00+00,2020/09/01 00:00:00+00,2019,2019,2020,031102,,01,,030102,Apache-Sitgreaves National Forests,Black Mesa Ranger District,0311,FS,USDA FOREST SERVICE,AZ,,,,,200,Mechanical,219,Ripper,1000,42876,(PALS)LARSON FOREST RESTORATION PROJECT,"02 LARSON ST JOE 13T,4 FOREST RESTORATION INITIATIVE","21901,CFLR005","CFLRP,STWD",SC,5,MILES,5370608010602,1250452010602,LARSON2015,031102LARSON2015R02,R02,STJOE ROADS ,6159069010602,43735,3,Accomplished,2020/10/06 19:37:11+00,2,GPS – Uncorrected Data,C8F2B0A250300B3C,N,0301_2628_ACTL,2024/06/14 07:28:15+00,4.964,185599,,0.0787288927964531
6683,Inland Fish habitat non-structural maintenance - Length,N/A,CWK2,2.2,2.2,MILES,2012/05/25 00:00:00+00,2012/09/14 00:00:00+00,2013/08/23 00:00:00+00,2012,2012,2013,051652,,16,,051652,Stanislaus National Forest,Calaveras Ranger District,0516,FS,USDA FOREST SERVICE,CA,,,,,107,,208,,1500,,,AMADOR-CALAVERAS CONSENSUS GROUP CORNERSTONE PROJECT,CFLR015,CFLRP,SC,2.2,MILES,AU7308010348,861111010602,2110011000,0516522110011000002,002,BAILEY IRSC STREAM ENHANCEMENT,3714710010602,31633,3,Accomplished,2022/09/28 00:00:00+00,7,Digitized From Hardcopy PBS/SEQ,E714905F3C0FC9F0,N,0516_28_ACTL,2024/06/14 07:28:19+00,2.177,185600,,0.0377817472531013
6683,Inland Fish habitat non-structural maintenance - Length,N/A,CFLN,0.3,0.3,MILES,2014/08/01 00:00:00+00,2014/08/01 00:00:00+00,2014/08/01 00:00:00+00,2014,2014,2014,081002,,10,,081002,Ozark-St. Francis National Forest,Buffalo Ranger District,0820,FS,USDA FOREST SERVICE,AR,110100050307,,,,100,Manual,111,Chain Saw,102,26081,(PALS)BEARCAT HOLLOW PHASE II PROJECT,OZARK HIGHLANDS ECOSYSTEM RESTORATION,CFLR022,CFLRP,FA,0.3,MILES,2746713010602,951569010602,FALLINGWAT,081002FALLINGWAT003,003,LWD 11010005000943,4331495010602,35930,3,Accomplished,2014/09/19 13:39:17+00,7,Digitized From Hardcopy PBS/SEQ,08939FFFFBB23D66,N,0810_159_ACTL,2024/06/14 07:28:15+00,1.123,185601,,0.0194657456482636
6683,Inland Fish habitat non-structural maintenance - Length,N/A,CFLN,0.5,0.5,MILES,2014/08/01 00:00:00+00,2014/08/01 00:00:00+00,2014/08/01 00:00:00+00,2014,2014,2014,081002,,10,,081002,Ozark-St. Francis National Forest,Buffalo Ranger District,0820,FS,USDA FOREST SERVICE,AR,110100050307,,,,100,Manual,111,Chain Saw,102,26081,(PALS)BEARCAT HOLLOW PHASE II PROJECT,OZARK HIGHLANDS ECOSYSTEM RESTORATION,CFLR022,CFLRP,FA,0.5,MILES,2746713010602,951570010602,FALLINGWAT,081002FALLINGWAT004,004,LWD 11010005003444,4331487010602,35930,3,Accomplished,2014/09/05 15:15:39+00,7,Digitized From Hardcopy PBS/SEQ,AD83DFF5DCF0C955,N,0810_160_ACTL,2024/06/14 07:28:15+00,0.479,185602,,0.0075487393490991
6683,Inland Fish habitat non-structural maintenance - Length,N/A,CFLN,0.6,0.6,MILES,2014/08/01 00:00:00+00,2014/08/01 00:00:00+00,2014/08/01 00:00:00+00,2014,2014,2014,081002,,10,,081002,Ozark-St. Francis National Forest,Buffalo Ranger District,0820,FS,USDA FOREST SERVICE,AR,110100050308,,,,100,Manual,111,Chain Saw,102,26081,(PALS)BEARCAT HOLLOW PHASE II PROJECT,OZARK HIGHLANDS ECOSYSTEM RESTORATION,CFLR022,CFLRP,FA,0.6,MILES,2746718010602,951580010602,OUTRICHLND,081002OUTRICHLND037,037,LWD 11010005003336,4331553010602,35930,3,Accomplished,2014/09/05 15:18:29+00,7,Digitized From Hardcopy PBS/SEQ,361B87B6F2263012,N,0810_155_ACTL,2024/06/14 07:28:15+00,0.581,185603,,0.0105687028814237
6683,Inland Fish habitat non-structural maintenance - Length,N/A,CFLN,1.1,1.1,MILES,2014/08/01 00:00:00+00,2014/08/01 00:00:00+00,2014/08/01 00:00:00+00,2014,2014,2014,081002,,10,,081002,Ozark-St. Francis National Forest,Buffalo Ranger District,0820,FS,USDA FOREST SERVICE,AR,110100050308,,,,100,Manual,111,Chain Saw,102,26081,(PALS)BEARCAT HOLLOW PHASE II PROJECT,OZARK HIGHLANDS ECOSYSTEM RESTORATION,CFLR022,CFLRP,FA,1.1,MILES,2746718010602,951581010602,OUTRICHLND,081002OUTRICHLND038,038,LWD 11010005000944,4331555010602,35930,3,Accomplished,2014/09/19 13:54:41+00,7,Digitized From Hardcopy PBS/SEQ,A35BA7E9646D75C4,N,0810_167_ACTL,2024/06/14 07:28:15+00,1.165,185604,,0.0170315857530215
6683,Inland Fish habitat non-structural maintenance - Length,N/A,NFWF,0.8,0.8,MILES,2014/08/01 00:00:00+00,2014/08/01 00:00:00+00,2014/08/01 00:00:00+00,2014,2014,2014,081002,,10,,081002,Ozark-St. Francis National Forest,Buffalo Ranger District,0820,FS,USDA FOREST SERVICE,AR,110100050308,,,,100,Manual,111,Chain Saw,2828,26081,(PALS)BEARCAT HOLLOW PHASE II PROJECT,OZARK HIGHLANDS ECOSYSTEM RESTORATION,CFLR022,CFLRP,FA,0.8,MILES,2746718010602,951583010602,OUTRICHLND,081002OUTRICHLND040,040,LWD 11010005003411,4331552010602,35930,3,Accomplished,2014/09/05 15:18:29+00,7,Digitized From Hardcopy PBS/SEQ,60F329D2958CBECB,N,0810_157_ACTL,2024/06/14 07:28:15+00,0.843,185605,,0.0122555943731578
6683,Inland Fish habitat non-structural maintenance - Length,N/A,NFWF,0.4,0.4,MILES,2014/08/01 00:00:00+00,2014/08/01 00:00:00+00,2014/08/01 00:00:00+00,2014,2014,2014,081002,,10,,081002,Ozark-St. Francis National Forest,Buffalo Ranger District,0820,FS,USDA FOREST SERVICE,AR,110100050308,,,,100,Manual,111,Chain Saw,2828,26081,(PALS)BEARCAT HOLLOW PHASE II PROJECT,OZARK HIGHLANDS ECOSYSTEM RESTORATION,CFLR022,CFLRP,FA,0.4,MILES,2746718010602,951586010602,OUTRICHLND,081002OUTRICHLND043,043,LWD 11010005003432,4331548010602,35930,3,Accomplished,2014/09/05 15:18:29+00,7,Digitized From Hardcopy PBS/SEQ,2EC6F60A7704FD5C,N,0810_165_ACTL,2024/06/14 07:28:15+00,0.372,185606,,0.00667781206198691
1140,Fireline Construction,Preparation,CWKV,0.2,0.2,MILES,2013/01/14 00:00:00+00,2013/03/26 00:00:00+00,2013/03/26 00:00:00+00,2013,2013,2013,081003,,10,,081003,Ozark-St. Francis National Forest,Bayou Ranger District,0820,FS,USDA FOREST SERVICE,AR,,,,,102,Wildfire,201,Dozer,1000,030401,WOODLAND ECOSYSTEM PROJECT,OZARK HIGHLANDS ECOSYSTEM RESTORATION,CFLR022,CFLRP,,0.2,MILES,AU268152010602,402858010602,2010001015,0810032010001015001,001,FIRELINE,AC1587383010602,1209010602,3,Accomplished,2011/05/23 00:00:00+00,7,Digitized From Hardcopy PBS/SEQ,53DA4907E54A02AD,N,0810_465_ACTL,2024/06/14 07:28:18+00,0.375,185607,,0.00614958239621634
2120,Range Fence Obliteration - Length,N/A,NFRG,3,3,MILES,2016/01/01 00:00:00+00,2016/06/20 00:00:00+00,2016/06/20 00:00:00+00,2016,2016,2016,081005,,10,,081005,Ozark-St. Francis National Forest,Boston Mountain Ranger District,0820,FS,USDA FOREST SERVICE,AR,,,,,100,Manual,166,Fencing,817,34883,(PALS)WEDINGTON RESTORATION PROJECT,OZARK HIGHLANDS ECOSYSTEM RESTORATION,CFLR022,CFLRP,CT,3,MILES,3571949010602,1057342010602,WEDRANG012,081005WEDRANG012003,003,WEDINGTON RANGE 12 FENCE REMOVAL,5272389010602,32942,3,Accomplished,2016/10/21 14:55:54+00,20,Digitized Other,C133C6A44ECD576B,N,0810_184_ACTL,2024/06/14 07:28:15+00,2.729,185608,,0.0422918213469925
2110,Range Fences - Length,N/A,NFRG,1,1,MILES,2016/01/01 00:00:00+00,2016/06/20 00:00:00+00,2016/06/20 00:00:00+00,2016,2016,2016,081005,,10,,081005,Ozark-St. Francis National Forest,Boston Mountain Ranger District,0820,FS,USDA FOREST SERVICE,AR,,,,,105,Installation,166,Fencing,39485,34883,(PALS)WEDINGTON RESTORATION PROJECT,OZARK HIGHLANDS ECOSYSTEM RESTORATION,CFLR022,CFLRP,CT,1,MILES,3571949010602,1057346010602,WEDRANG012,081005WEDRANG012004,004,WEDINGTON RANGE 12 FENCE INSTALLATION 2016,5272393010602,32942,3,Accomplished,2016/10/21 15:02:38+00,20,Digitized Other,8C515E4441246164,N,0810_186_ACTL,2024/06/14 07:28:15+00,0.986,185609,,0.0153782759060433
2110,Range Fences - Length,N/A,NFRG,3,3,MILES,2017/06/15 00:00:00+00,2017/06/15 00:00:00+00,,2017,2017,,081005,,10,,081005,Ozark-St. Francis National Forest,Boston Mountain Ranger District,0820,FS,USDA FOREST SERVICE,AR,,,,,105,Installation,113,Hand Tool,5000,34883,(PALS)WEDINGTON RESTORATION PROJECT,OZARK HIGHLANDS ECOSYSTEM RESTORATION,CFLR022,CFLRP,CT,3,MILES,3571949010602,1105679010602,WEDRANG012,081005WEDRANG012005,005,WEDINGTON RANGE 12 FENCE INSTALLATION 2017,5511828010602,32942,3,Accomplished,2017/10/19 18:53:29+00,30,Remote Sensing Data – Base Level,7F2C0579F9CCD450,N,0810_194_ACTL,2024/06/14 07:28:15+00,1.725,185610,,0.0265887794556028
5620,Watershed Resource Road Obliteration - Length,N/A,CFLN,4,4,MILES,2021/10/01 00:00:00+00,2022/02/08 00:00:00+00,,2022,2022,,060101,,01,,060101,Deschutes National Forest,Bend/Fort Rock Ranger District,0601,FS,USDA FOREST SERVICE,OR,,,,,200,,225,,0,43245,(PALS)URSUS VEGETATION MANAGEMENT PROJECT,"BUTTES TO BASINS - ALL LANDS FOREST RESILIENCY PROJECT,DESCHUTES SKYLINE","CFLR009,FSNRCS-90","CFLRP,FSNRC",CT,4,MILES,6539073010602,1340508010602,BALOOROADS,060101BALOOROADS001,001,BALOO ROAD DECOMMISSIONS,6664760010602,46248,3,Accomplished,2022/10/28 21:50:55+00,3,GPS – Differentially Corrected Data,595E2F79DE8F0B10,N,0601_658_ACTL,2024/06/14 07:28:18+00,3.602,185629,,0.0632682680111115
9003,Road Obliteration,N/A,GSRV,7,7,MILES,2019/01/01 00:00:00+00,2019/08/06 00:00:00+00,2023/10/01 00:00:00+00,2019,2019,2024,031102,,01,,030102,Apache-Sitgreaves National Forests,Black Mesa Ranger District,0311,FS,USDA FOREST SERVICE,AZ,,,,,200,Mechanical,219,Ripper,1000,42876,(PALS)LARSON FOREST RESTORATION PROJECT,"02 LARSON ST JOE 13T,4 FOREST RESTORATION INITIATIVE","21901,CFLR005","CFLRP,STWD",SC,7,MILES,5370608010602,1190431010602,LARSON2015,031102LARSON2015R01,R01,STJOE ROADS,5897596010602,43735,3,Accomplished,2020/10/06 19:38:10+00,2,GPS – Uncorrected Data,A8C906AF407A94A8,N,0301_2592_ACTL,2024/06/14 07:28:15+00,7.402,185901,,0.117472614585843
1140,Fireline Construction,Preparation,CFLN,0.4,0.4,MILES,2023/07/15 00:00:00+00,2023/07/15 00:00:00+00,2024/07/16 00:00:00+00,2023,2023,2024,031001,,10,,031001,Santa Fe National Forest,Coyote Ranger District,0310,FS,USDA FOREST SERVICE,NM,,,,,100,Manual,100,Hand Work,13200,22539,(PALS)RIO CHAMA PLANNED IGNITIONS AND WILDLIFE MANAGEMENT PROJECT,RIO CHAMA,CFLR025,CFLRP,CT,0.4,MILES,6421777010602,1413729010602,RIOCHAMAD2,031001RIOCHAMAD2009,009,AMERICAN HANDLINE,7049182010602,27714,3,Accomplished,2024/09/05 00:00:00+00,2,GPS – Uncorrected Data,BFDDA0E76B744A06,Y,0310_651_ACTL,2024/09/06 02:17:29+00,0.38,186221,,0.00645960320154296
